model,train_seed,train_mode,eval_input,n_users,hr10,hr10_ci_lo,hr10_ci_hi,ndcg10,ndcg10_ci_lo,ndcg10_ci_hi,jaccard10,jaccard10_ci_lo,jaccard10_ci_hi,d_hr10_abs,d_hr10_rel,d_hr10_ci_lo,d_hr10_ci_hi,d_ndcg10_abs,d_ndcg10_rel,d_ndcg10_ci_lo,d_ndcg10_ci_hi,order_invariant,seconds,site,host,gpu,slurm_job_id,checkpoint
SASRec,32,ordered,ordered,25518,0.303198,0.297554,0.308411,0.231800,0.226993,0.236353,,,,,,,,,,,,false,5.7,fox,gpu-17.fox,NVIDIA H200 NVL,4012645,/fp/homes01/u01/ec-michelec/MIMICIV/checkpoints/recsys/SASRec_ordered_s32.pt
SASRec,32,ordered,full_shuffle_s101,25518,0.042245,0.039892,0.044478,0.021559,0.020230,0.022870,0.077722,0.075910,0.079577,-0.260953,-0.860670,-0.266480,-0.255345,-0.210241,-0.906992,-0.214951,-0.205287,false,10.6,fox,gpu-17.fox,NVIDIA H200 NVL,4012645,/fp/homes01/u01/ec-michelec/MIMICIV/checkpoints/recsys/SASRec_ordered_s32.pt
SASRec,32,ordered,full_shuffle_s102,25518,0.043264,0.040794,0.045812,0.022541,0.021157,0.024010,0.078043,0.076074,0.080052,-0.259934,-0.857309,-0.265421,-0.254249,-0.209259,-0.902758,-0.213945,-0.204386,false,15.1,fox,gpu-17.fox,NVIDIA H200 NVL,4012645,/fp/homes01/u01/ec-michelec/MIMICIV/checkpoints/recsys/SASRec_ordered_s32.pt
SASRec,32,ordered,full_shuffle_s103,25518,0.043303,0.040833,0.045889,0.022484,0.021115,0.023906,0.077978,0.076110,0.080069,-0.259895,-0.857180,-0.265462,-0.254133,-0.209316,-0.903002,-0.214095,-0.204332,false,19.6,fox,gpu-17.fox,NVIDIA H200 NVL,4012645,/fp/homes01/u01/ec-michelec/MIMICIV/checkpoints/recsys/SASRec_ordered_s32.pt
SASRec,32,ordered,keep_last_s101,25518,0.254683,0.249393,0.259623,0.179099,0.175011,0.182987,0.502924,0.499712,0.506097,-0.048515,-0.160010,-0.051846,-0.045300,-0.052700,-0.227353,-0.055157,-0.050242,false,24.1,fox,gpu-17.fox,NVIDIA H200 NVL,4012645,/fp/homes01/u01/ec-michelec/MIMICIV/checkpoints/recsys/SASRec_ordered_s32.pt
SASRec,32,ordered,keep_last_s102,25518,0.256015,0.250605,0.261149,0.179632,0.175476,0.183702,0.502606,0.499366,0.505623,-0.047182,-0.155616,-0.050436,-0.044126,-0.052168,-0.225057,-0.054585,-0.049812,false,28.6,fox,gpu-17.fox,NVIDIA H200 NVL,4012645,/fp/homes01/u01/ec-michelec/MIMICIV/checkpoints/recsys/SASRec_ordered_s32.pt
SASRec,32,ordered,keep_last_s103,25518,0.254722,0.249549,0.259661,0.178616,0.174520,0.182370,0.502566,0.499379,0.505557,-0.048476,-0.159881,-0.051767,-0.045497,-0.053184,-0.229438,-0.055625,-0.050790,false,33.1,fox,gpu-17.fox,NVIDIA H200 NVL,4012645,/fp/homes01/u01/ec-michelec/MIMICIV/checkpoints/recsys/SASRec_ordered_s32.pt
SASRec,32,ordered,early_half_s101,25518,0.303433,0.297867,0.308607,0.231800,0.227038,0.236387,0.930554,0.929171,0.931840,0.000235,0.000775,-0.000588,0.000980,0.000000,0.000001,-0.000368,0.000359,false,37.5,fox,gpu-17.fox,NVIDIA H200 NVL,4012645,/fp/homes01/u01/ec-michelec/MIMICIV/checkpoints/recsys/SASRec_ordered_s32.pt
SASRec,32,ordered,early_half_s102,25518,0.303668,0.297945,0.308959,0.231726,0.226949,0.236275,0.929491,0.928137,0.930822,0.000470,0.001551,-0.000353,0.001293,-0.000074,-0.000317,-0.000467,0.000294,false,42.0,fox,gpu-17.fox,NVIDIA H200 NVL,4012645,/fp/homes01/u01/ec-michelec/MIMICIV/checkpoints/recsys/SASRec_ordered_s32.pt
SASRec,32,ordered,early_half_s103,25518,0.303982,0.298338,0.309314,0.231996,0.227193,0.236622,0.930357,0.928985,0.931692,0.000784,0.002585,0.000078,0.001528,0.000196,0.000846,-0.000114,0.000557,false,46.4,fox,gpu-17.fox,NVIDIA H200 NVL,4012645,/fp/homes01/u01/ec-michelec/MIMICIV/checkpoints/recsys/SASRec_ordered_s32.pt
GRU4Rec,32,ordered,ordered,25518,0.277490,0.271729,0.282782,0.220786,0.216038,0.225273,,,,,,,,,,,,false,4.9,fox,gpu-17.fox,NVIDIA H200 NVL,4012648,/fp/homes01/u01/ec-michelec/MIMICIV/checkpoints/recsys/GRU4Rec_ordered_s32.pt
GRU4Rec,32,ordered,full_shuffle_s101,25518,0.029979,0.027783,0.032057,0.015125,0.013916,0.016311,0.068977,0.067342,0.070675,-0.247512,-0.891964,-0.253195,-0.241632,-0.205662,-0.931496,-0.210174,-0.201050,false,9.3,fox,gpu-17.fox,NVIDIA H200 NVL,4012648,/fp/homes01/u01/ec-michelec/MIMICIV/checkpoints/recsys/GRU4Rec_ordered_s32.pt
GRU4Rec,32,ordered,full_shuffle_s102,25518,0.029783,0.027745,0.031821,0.015363,0.014216,0.016499,0.068625,0.066968,0.070466,-0.247708,-0.892671,-0.253233,-0.241750,-0.205424,-0.930418,-0.210018,-0.200487,false,13.6,fox,gpu-17.fox,NVIDIA H200 NVL,4012648,/fp/homes01/u01/ec-michelec/MIMICIV/checkpoints/recsys/GRU4Rec_ordered_s32.pt
GRU4Rec,32,ordered,full_shuffle_s103,25518,0.030175,0.028137,0.032214,0.015423,0.014280,0.016632,0.068960,0.067225,0.070682,-0.247316,-0.891258,-0.252764,-0.241594,-0.205363,-0.930144,-0.210125,-0.200699,false,18.0,fox,gpu-17.fox,NVIDIA H200 NVL,4012648,/fp/homes01/u01/ec-michelec/MIMICIV/checkpoints/recsys/GRU4Rec_ordered_s32.pt
GRU4Rec,32,ordered,keep_last_s101,25518,0.102633,0.099066,0.106317,0.065877,0.063140,0.068392,0.145166,0.142976,0.147421,-0.174857,-0.630137,-0.180032,-0.169526,-0.154909,-0.701624,-0.159310,-0.150868,false,22.4,fox,gpu-17.fox,NVIDIA H200 NVL,4012648,/fp/homes01/u01/ec-michelec/MIMICIV/checkpoints/recsys/GRU4Rec_ordered_s32.pt
GRU4Rec,32,ordered,keep_last_s102,25518,0.101183,0.097461,0.104751,0.065968,0.063335,0.068437,0.145338,0.143231,0.147462,-0.176307,-0.635362,-0.181088,-0.171329,-0.154818,-0.701213,-0.158940,-0.150744,false,26.8,fox,gpu-17.fox,NVIDIA H200 NVL,4012648,/fp/homes01/u01/ec-michelec/MIMICIV/checkpoints/recsys/GRU4Rec_ordered_s32.pt
GRU4Rec,32,ordered,keep_last_s103,25518,0.101027,0.097420,0.104671,0.066392,0.063782,0.069004,0.144387,0.142310,0.146496,-0.176464,-0.635927,-0.181481,-0.171093,-0.154394,-0.699292,-0.158562,-0.150041,false,31.2,fox,gpu-17.fox,NVIDIA H200 NVL,4012648,/fp/homes01/u01/ec-michelec/MIMICIV/checkpoints/recsys/GRU4Rec_ordered_s32.pt
GRU4Rec,32,ordered,early_half_s101,25518,0.273336,0.267418,0.278589,0.215488,0.210746,0.219868,0.853951,0.851959,0.855916,-0.004154,-0.014970,-0.005369,-0.002900,-0.005298,-0.023998,-0.006014,-0.004548,false,35.5,fox,gpu-17.fox,NVIDIA H200 NVL,4012648,/fp/homes01/u01/ec-michelec/MIMICIV/checkpoints/recsys/GRU4Rec_ordered_s32.pt
GRU4Rec,32,ordered,early_half_s102,25518,0.272709,0.266910,0.277805,0.215203,0.210492,0.219565,0.853468,0.851525,0.855521,-0.004781,-0.017229,-0.005958,-0.003527,-0.005583,-0.025289,-0.006382,-0.004829,false,39.9,fox,gpu-17.fox,NVIDIA H200 NVL,4012648,/fp/homes01/u01/ec-michelec/MIMICIV/checkpoints/recsys/GRU4Rec_ordered_s32.pt
GRU4Rec,32,ordered,early_half_s103,25518,0.272514,0.266634,0.277843,0.215187,0.210484,0.219593,0.854836,0.852818,0.856823,-0.004977,-0.017935,-0.006192,-0.003722,-0.005599,-0.025359,-0.006361,-0.004816,false,44.2,fox,gpu-17.fox,NVIDIA H200 NVL,4012648,/fp/homes01/u01/ec-michelec/MIMICIV/checkpoints/recsys/GRU4Rec_ordered_s32.pt
SASRec,45,ordered,ordered,25518,0.303276,0.297555,0.308293,0.233897,0.228904,0.238406,,,,,,,,,,,,false,5.0,fox,gpu-17.fox,NVIDIA H200 NVL,4012646,/fp/homes01/u01/ec-michelec/MIMICIV/checkpoints/recsys/SASRec_ordered_s45.pt
SASRec,45,ordered,full_shuffle_s101,25518,0.039737,0.037542,0.042127,0.020926,0.019555,0.022311,0.078562,0.076709,0.080670,-0.263539,-0.868975,-0.269026,-0.257661,-0.212971,-0.910534,-0.217584,-0.207787,false,9.4,fox,gpu-17.fox,NVIDIA H200 NVL,4012646,/fp/homes01/u01/ec-michelec/MIMICIV/checkpoints/recsys/SASRec_ordered_s45.pt
SASRec,45,ordered,full_shuffle_s102,25518,0.041461,0.038835,0.043812,0.021718,0.020177,0.023073,0.077907,0.075971,0.079820,-0.261815,-0.863290,-0.267223,-0.256014,-0.212179,-0.907148,-0.216805,-0.207019,false,13.8,fox,gpu-17.fox,NVIDIA H200 NVL,4012646,/fp/homes01/u01/ec-michelec/MIMICIV/checkpoints/recsys/SASRec_ordered_s45.pt
SASRec,45,ordered,full_shuffle_s103,25518,0.042166,0.039697,0.044635,0.021925,0.020551,0.023271,0.077571,0.075605,0.079436,-0.261110,-0.860964,-0.266714,-0.255191,-0.211972,-0.906262,-0.216606,-0.206836,false,18.3,fox,gpu-17.fox,NVIDIA H200 NVL,4012646,/fp/homes01/u01/ec-michelec/MIMICIV/checkpoints/recsys/SASRec_ordered_s45.pt
SASRec,45,ordered,keep_last_s101,25518,0.254879,0.249548,0.260131,0.184308,0.179811,0.188455,0.496552,0.493534,0.499527,-0.048397,-0.159581,-0.051650,-0.045183,-0.049589,-0.212010,-0.052089,-0.047266,false,22.7,fox,gpu-17.fox,NVIDIA H200 NVL,4012646,/fp/homes01/u01/ec-michelec/MIMICIV/checkpoints/recsys/SASRec_ordered_s45.pt
SASRec,45,ordered,keep_last_s102,25518,0.256917,0.251665,0.262130,0.185284,0.181127,0.189308,0.497208,0.494149,0.500196,-0.046359,-0.152862,-0.049613,-0.043264,-0.048613,-0.207840,-0.051183,-0.046473,false,27.1,fox,gpu-17.fox,NVIDIA H200 NVL,4012646,/fp/homes01/u01/ec-michelec/MIMICIV/checkpoints/recsys/SASRec_ordered_s45.pt
SASRec,45,ordered,keep_last_s103,25518,0.255741,0.250567,0.260523,0.184809,0.180641,0.188690,0.495959,0.492809,0.498925,-0.047535,-0.156739,-0.050670,-0.044399,-0.049088,-0.209872,-0.051431,-0.046765,false,31.5,fox,gpu-17.fox,NVIDIA H200 NVL,4012646,/fp/homes01/u01/ec-michelec/MIMICIV/checkpoints/recsys/SASRec_ordered_s45.pt
SASRec,45,ordered,early_half_s101,25518,0.303198,0.297512,0.308411,0.233956,0.229002,0.238519,0.922817,0.921456,0.924203,-0.000078,-0.000258,-0.000862,0.000706,0.000059,0.000254,-0.000313,0.000421,false,35.9,fox,gpu-17.fox,NVIDIA H200 NVL,4012646,/fp/homes01/u01/ec-michelec/MIMICIV/checkpoints/recsys/SASRec_ordered_s45.pt
SASRec,45,ordered,early_half_s102,25518,0.303668,0.297710,0.308762,0.234177,0.229196,0.238715,0.921716,0.920211,0.923105,0.000392,0.001292,-0.000354,0.001177,0.000280,0.001198,-0.000051,0.000638,false,40.3,fox,gpu-17.fox,NVIDIA H200 NVL,4012646,/fp/homes01/u01/ec-michelec/MIMICIV/checkpoints/recsys/SASRec_ordered_s45.pt
SASRec,45,ordered,early_half_s103,25518,0.303276,0.297632,0.308372,0.233881,0.228812,0.238526,0.922790,0.921394,0.924226,0.000000,0.000000,-0.000823,0.000785,-0.000016,-0.000068,-0.000391,0.000377,false,44.7,fox,gpu-17.fox,NVIDIA H200 NVL,4012646,/fp/homes01/u01/ec-michelec/MIMICIV/checkpoints/recsys/SASRec_ordered_s45.pt
GRU4Rec,17,ordered,ordered,25518,0.280978,0.275175,0.286621,0.230172,0.225094,0.234822,,,,,,,,,,,,false,4.9,fox,gpu-17.fox,NVIDIA H200 NVL,4012647,/fp/homes01/u01/ec-michelec/MIMICIV/checkpoints/recsys/GRU4Rec_ordered_s17.pt
GRU4Rec,17,ordered,full_shuffle_s101,25518,0.028294,0.026178,0.030253,0.014630,0.013482,0.015712,0.058973,0.057499,0.060543,-0.252684,-0.899303,-0.258523,-0.246923,-0.215541,-0.936437,-0.220322,-0.210620,false,9.3,fox,gpu-17.fox,NVIDIA H200 NVL,4012647,/fp/homes01/u01/ec-michelec/MIMICIV/checkpoints/recsys/GRU4Rec_ordered_s17.pt
GRU4Rec,17,ordered,full_shuffle_s102,25518,0.030684,0.028568,0.032685,0.015765,0.014596,0.016982,0.059015,0.057451,0.060588,-0.250294,-0.890795,-0.256016,-0.244494,-0.214407,-0.931508,-0.219118,-0.209436,false,13.6,fox,gpu-17.fox,NVIDIA H200 NVL,4012647,/fp/homes01/u01/ec-michelec/MIMICIV/checkpoints/recsys/GRU4Rec_ordered_s17.pt
GRU4Rec,17,ordered,full_shuffle_s103,25518,0.030410,0.028254,0.032604,0.015341,0.014116,0.016596,0.059126,0.057647,0.060581,-0.250568,-0.891771,-0.256173,-0.244688,-0.214830,-0.933348,-0.219562,-0.210061,false,18.0,fox,gpu-17.fox,NVIDIA H200 NVL,4012647,/fp/homes01/u01/ec-michelec/MIMICIV/checkpoints/recsys/GRU4Rec_ordered_s17.pt
GRU4Rec,17,ordered,keep_last_s101,25518,0.106160,0.102358,0.109805,0.070577,0.067801,0.073384,0.130542,0.128533,0.132600,-0.174818,-0.622176,-0.180343,-0.169449,-0.159595,-0.693374,-0.163959,-0.155272,false,22.4,fox,gpu-17.fox,NVIDIA H200 NVL,4012647,/fp/homes01/u01/ec-michelec/MIMICIV/checkpoints/recsys/GRU4Rec_ordered_s17.pt
GRU4Rec,17,ordered,keep_last_s102,25518,0.104201,0.100830,0.107769,0.069080,0.066489,0.071802,0.130022,0.127987,0.131998,-0.176777,-0.629149,-0.182225,-0.171602,-0.161092,-0.699877,-0.165234,-0.156894,false,26.8,fox,gpu-17.fox,NVIDIA H200 NVL,4012647,/fp/homes01/u01/ec-michelec/MIMICIV/checkpoints/recsys/GRU4Rec_ordered_s17.pt
GRU4Rec,17,ordered,keep_last_s103,25518,0.105886,0.102124,0.109375,0.069872,0.067114,0.072376,0.131094,0.129080,0.133182,-0.175092,-0.623152,-0.180344,-0.169919,-0.160300,-0.696435,-0.164555,-0.155845,false,31.1,fox,gpu-17.fox,NVIDIA H200 NVL,4012647,/fp/homes01/u01/ec-michelec/MIMICIV/checkpoints/recsys/GRU4Rec_ordered_s17.pt
GRU4Rec,17,ordered,early_half_s101,25518,0.278235,0.272434,0.283760,0.226225,0.221158,0.230784,0.862711,0.860641,0.864549,-0.002743,-0.009763,-0.003880,-0.001646,-0.003946,-0.017145,-0.004644,-0.003270,false,35.4,fox,gpu-17.fox,NVIDIA H200 NVL,4012647,/fp/homes01/u01/ec-michelec/MIMICIV/checkpoints/recsys/GRU4Rec_ordered_s17.pt
GRU4Rec,17,ordered,early_half_s102,25518,0.278000,0.272357,0.283604,0.226217,0.221122,0.230775,0.863719,0.861627,0.865806,-0.002978,-0.010600,-0.004233,-0.001842,-0.003954,-0.017181,-0.004719,-0.003222,false,39.8,fox,gpu-17.fox,NVIDIA H200 NVL,4012647,/fp/homes01/u01/ec-michelec/MIMICIV/checkpoints/recsys/GRU4Rec_ordered_s17.pt
GRU4Rec,17,ordered,early_half_s103,25518,0.278784,0.273141,0.284270,0.226559,0.221546,0.231198,0.863595,0.861624,0.865688,-0.002195,-0.007810,-0.003371,-0.001097,-0.003613,-0.015695,-0.004352,-0.002955,false,44.1,fox,gpu-17.fox,NVIDIA H200 NVL,4012647,/fp/homes01/u01/ec-michelec/MIMICIV/checkpoints/recsys/GRU4Rec_ordered_s17.pt
SASRec,17,ordered,ordered,25518,0.301278,0.295478,0.306765,0.236182,0.231012,0.240738,,,,,,,,,,,,false,5.3,fox,gpu-17.fox,NVIDIA H200 NVL,4012644,/fp/homes01/u01/ec-michelec/MIMICIV/checkpoints/recsys/SASRec_ordered_s17.pt
SASRec,17,ordered,full_shuffle_s101,25518,0.038169,0.035817,0.040404,0.019632,0.018322,0.020887,0.076116,0.074144,0.078083,-0.263108,-0.873309,-0.268791,-0.257150,-0.216550,-0.916877,-0.221261,-0.211490,false,9.7,fox,gpu-17.fox,NVIDIA H200 NVL,4012644,/fp/homes01/u01/ec-michelec/MIMICIV/checkpoints/recsys/SASRec_ordered_s17.pt
SASRec,17,ordered,full_shuffle_s102,25518,0.040324,0.037934,0.042677,0.021148,0.019738,0.022531,0.076770,0.074797,0.078644,-0.260953,-0.866155,-0.266596,-0.254995,-0.215034,-0.910459,-0.219611,-0.210057,false,14.1,fox,gpu-17.fox,NVIDIA H200 NVL,4012644,/fp/homes01/u01/ec-michelec/MIMICIV/checkpoints/recsys/SASRec_ordered_s17.pt
SASRec,17,ordered,full_shuffle_s103,25518,0.041500,0.039109,0.043891,0.021866,0.020532,0.023251,0.076554,0.074698,0.078453,-0.259777,-0.862253,-0.265616,-0.253585,-0.214316,-0.907420,-0.219069,-0.209248,false,18.6,fox,gpu-17.fox,NVIDIA H200 NVL,4012644,/fp/homes01/u01/ec-michelec/MIMICIV/checkpoints/recsys/SASRec_ordered_s17.pt
SASRec,17,ordered,keep_last_s101,25518,0.253115,0.247589,0.258132,0.185965,0.181628,0.190183,0.490396,0.487318,0.493412,-0.048162,-0.159860,-0.051337,-0.044635,-0.050217,-0.212618,-0.052614,-0.047727,false,23.0,fox,gpu-17.fox,NVIDIA H200 NVL,4012644,/fp/homes01/u01/ec-michelec/MIMICIV/checkpoints/recsys/SASRec_ordered_s17.pt
SASRec,17,ordered,keep_last_s102,25518,0.252920,0.247433,0.258015,0.185879,0.181468,0.189947,0.488126,0.484992,0.491234,-0.048358,-0.160510,-0.051612,-0.045182,-0.050303,-0.212985,-0.052745,-0.047627,false,27.5,fox,gpu-17.fox,NVIDIA H200 NVL,4012644,/fp/homes01/u01/ec-michelec/MIMICIV/checkpoints/recsys/SASRec_ordered_s17.pt
SASRec,17,ordered,keep_last_s103,25518,0.253272,0.247784,0.258368,0.186096,0.181809,0.190239,0.489951,0.486746,0.493030,-0.048005,-0.159339,-0.051101,-0.044831,-0.050086,-0.212064,-0.052336,-0.047463,false,31.9,fox,gpu-17.fox,NVIDIA H200 NVL,4012644,/fp/homes01/u01/ec-michelec/MIMICIV/checkpoints/recsys/SASRec_ordered_s17.pt
SASRec,17,ordered,early_half_s101,25518,0.300768,0.294811,0.306176,0.236024,0.230991,0.240612,0.913392,0.911875,0.914798,-0.000509,-0.001691,-0.001293,0.000314,-0.000158,-0.000668,-0.000529,0.000235,false,36.3,fox,gpu-17.fox,NVIDIA H200 NVL,4012644,/fp/homes01/u01/ec-michelec/MIMICIV/checkpoints/recsys/SASRec_ordered_s17.pt
SASRec,17,ordered,early_half_s102,25518,0.301238,0.295399,0.306609,0.236144,0.231151,0.240717,0.915146,0.913715,0.916577,-0.000039,-0.000130,-0.000784,0.000745,-0.000038,-0.000163,-0.000398,0.000348,false,40.7,fox,gpu-17.fox,NVIDIA H200 NVL,4012644,/fp/homes01/u01/ec-michelec/MIMICIV/checkpoints/recsys/SASRec_ordered_s17.pt
SASRec,17,ordered,early_half_s103,25518,0.301356,0.295242,0.306804,0.236059,0.230935,0.240763,0.913698,0.912173,0.915222,0.000078,0.000260,-0.000705,0.000862,-0.000123,-0.000522,-0.000519,0.000242,false,45.1,fox,gpu-17.fox,NVIDIA H200 NVL,4012644,/fp/homes01/u01/ec-michelec/MIMICIV/checkpoints/recsys/SASRec_ordered_s17.pt
MostPopular,,ordered,ordered,25518,0.002939,0.002312,0.003605,0.001347,0.001031,0.001695,,,,,,,,,,,,true,307.4,fox,gpu-17.fox,NVIDIA H200 NVL,4012644,
MostPopular,,ordered,full_shuffle_s101,25518,0.002939,0.002312,0.003605,0.001347,0.001031,0.001695,1.000000,1.000000,1.000000,0.000000,0.000000,0.000000,0.000000,0.000000,0.000000,0.000000,0.000000,true,307.9,fox,gpu-17.fox,NVIDIA H200 NVL,4012644,
MostPopular,,ordered,full_shuffle_s102,25518,0.002939,0.002312,0.003605,0.001347,0.001031,0.001695,1.000000,1.000000,1.000000,0.000000,0.000000,0.000000,0.000000,0.000000,0.000000,0.000000,0.000000,true,308.4,fox,gpu-17.fox,NVIDIA H200 NVL,4012644,
MostPopular,,ordered,full_shuffle_s103,25518,0.002939,0.002312,0.003605,0.001347,0.001031,0.001695,1.000000,1.000000,1.000000,0.000000,0.000000,0.000000,0.000000,0.000000,0.000000,0.000000,0.000000,true,308.9,fox,gpu-17.fox,NVIDIA H200 NVL,4012644,
MostPopular,,ordered,keep_last_s101,25518,0.002939,0.002312,0.003605,0.001347,0.001031,0.001695,1.000000,1.000000,1.000000,0.000000,0.000000,0.000000,0.000000,0.000000,0.000000,0.000000,0.000000,true,309.4,fox,gpu-17.fox,NVIDIA H200 NVL,4012644,
MostPopular,,ordered,keep_last_s102,25518,0.002939,0.002312,0.003605,0.001347,0.001031,0.001695,1.000000,1.000000,1.000000,0.000000,0.000000,0.000000,0.000000,0.000000,0.000000,0.000000,0.000000,true,309.9,fox,gpu-17.fox,NVIDIA H200 NVL,4012644,
MostPopular,,ordered,keep_last_s103,25518,0.002939,0.002312,0.003605,0.001347,0.001031,0.001695,1.000000,1.000000,1.000000,0.000000,0.000000,0.000000,0.000000,0.000000,0.000000,0.000000,0.000000,true,310.4,fox,gpu-17.fox,NVIDIA H200 NVL,4012644,
MostPopular,,ordered,early_half_s101,25518,0.002939,0.002312,0.003605,0.001347,0.001031,0.001695,1.000000,1.000000,1.000000,0.000000,0.000000,0.000000,0.000000,0.000000,0.000000,0.000000,0.000000,true,310.8,fox,gpu-17.fox,NVIDIA H200 NVL,4012644,
MostPopular,,ordered,early_half_s102,25518,0.002939,0.002312,0.003605,0.001347,0.001031,0.001695,1.000000,1.000000,1.000000,0.000000,0.000000,0.000000,0.000000,0.000000,0.000000,0.000000,0.000000,true,311.3,fox,gpu-17.fox,NVIDIA H200 NVL,4012644,
MostPopular,,ordered,early_half_s103,25518,0.002939,0.002312,0.003605,0.001347,0.001031,0.001695,1.000000,1.000000,1.000000,0.000000,0.000000,0.000000,0.000000,0.000000,0.000000,0.000000,0.000000,true,311.9,fox,gpu-17.fox,NVIDIA H200 NVL,4012644,
ItemKNN,,ordered,ordered,25518,0.064660,0.061640,0.067640,0.032576,0.030922,0.034258,,,,,,,,,,,,true,325.4,fox,gpu-17.fox,NVIDIA H200 NVL,4012644,
ItemKNN,,ordered,full_shuffle_s101,25518,0.064660,0.061640,0.067640,0.032576,0.030922,0.034258,1.000000,1.000000,1.000000,0.000000,0.000000,0.000000,0.000000,0.000000,0.000000,0.000000,0.000000,true,326.0,fox,gpu-17.fox,NVIDIA H200 NVL,4012644,
ItemKNN,,ordered,full_shuffle_s102,25518,0.064660,0.061640,0.067640,0.032576,0.030922,0.034258,1.000000,1.000000,1.000000,0.000000,0.000000,0.000000,0.000000,0.000000,0.000000,0.000000,0.000000,true,326.6,fox,gpu-17.fox,NVIDIA H200 NVL,4012644,
ItemKNN,,ordered,full_shuffle_s103,25518,0.064660,0.061640,0.067640,0.032576,0.030922,0.034258,1.000000,1.000000,1.000000,0.000000,0.000000,0.000000,0.000000,0.000000,0.000000,0.000000,0.000000,true,327.2,fox,gpu-17.fox,NVIDIA H200 NVL,4012644,
ItemKNN,,ordered,keep_last_s101,25518,0.064660,0.061640,0.067640,0.032576,0.030922,0.034258,1.000000,1.000000,1.000000,0.000000,0.000000,0.000000,0.000000,0.000000,0.000000,0.000000,0.000000,true,327.8,fox,gpu-17.fox,NVIDIA H200 NVL,4012644,
ItemKNN,,ordered,keep_last_s102,25518,0.064660,0.061640,0.067640,0.032576,0.030922,0.034258,1.000000,1.000000,1.000000,0.000000,0.000000,0.000000,0.000000,0.000000,0.000000,0.000000,0.000000,true,328.4,fox,gpu-17.fox,NVIDIA H200 NVL,4012644,
ItemKNN,,ordered,keep_last_s103,25518,0.064660,0.061640,0.067640,0.032576,0.030922,0.034258,1.000000,1.000000,1.000000,0.000000,0.000000,0.000000,0.000000,0.000000,0.000000,0.000000,0.000000,true,329.0,fox,gpu-17.fox,NVIDIA H200 NVL,4012644,
ItemKNN,,ordered,early_half_s101,25518,0.064660,0.061640,0.067640,0.032576,0.030922,0.034258,1.000000,1.000000,1.000000,0.000000,0.000000,0.000000,0.000000,0.000000,0.000000,0.000000,0.000000,true,329.6,fox,gpu-17.fox,NVIDIA H200 NVL,4012644,
ItemKNN,,ordered,early_half_s102,25518,0.064660,0.061640,0.067640,0.032576,0.030922,0.034258,1.000000,1.000000,1.000000,0.000000,0.000000,0.000000,0.000000,0.000000,0.000000,0.000000,0.000000,true,330.2,fox,gpu-17.fox,NVIDIA H200 NVL,4012644,
ItemKNN,,ordered,early_half_s103,25518,0.064660,0.061640,0.067640,0.032576,0.030922,0.034258,1.000000,1.000000,1.000000,0.000000,0.000000,0.000000,0.000000,0.000000,0.000000,0.000000,0.000000,true,330.8,fox,gpu-17.fox,NVIDIA H200 NVL,4012644,
Markov1,,ordered,ordered,25518,0.300141,0.294341,0.305555,0.252508,0.247576,0.257150,,,,,,,,,,,,false,334.3,fox,gpu-17.fox,NVIDIA H200 NVL,4012644,
Markov1,,ordered,full_shuffle_s101,25518,0.017831,0.016184,0.019398,0.009680,0.008695,0.010641,0.052235,0.050219,0.054185,-0.282311,-0.940593,-0.287680,-0.276589,-0.242828,-0.961663,-0.247366,-0.237930,false,337.9,fox,gpu-17.fox,NVIDIA H200 NVL,4012644,
Markov1,,ordered,full_shuffle_s102,25518,0.019790,0.018026,0.021476,0.011121,0.010031,0.012234,0.052631,0.050660,0.054721,-0.280351,-0.934064,-0.285760,-0.274708,-0.241388,-0.955958,-0.246276,-0.236422,false,341.7,fox,gpu-17.fox,NVIDIA H200 NVL,4012644,
Markov1,,ordered,full_shuffle_s103,25518,0.020103,0.018457,0.021946,0.011404,0.010370,0.012533,0.051236,0.049218,0.053250,-0.280038,-0.933020,-0.285407,-0.274394,-0.241105,-0.954838,-0.245858,-0.236132,false,345.5,fox,gpu-17.fox,NVIDIA H200 NVL,4012644,
Markov1,,ordered,keep_last_s101,25518,0.300141,0.294341,0.305555,0.252508,0.247576,0.257150,1.000000,1.000000,1.000000,0.000000,0.000000,0.000000,0.000000,0.000000,0.000000,0.000000,0.000000,false,349.3,fox,gpu-17.fox,NVIDIA H200 NVL,4012644,
Markov1,,ordered,keep_last_s102,25518,0.300141,0.294341,0.305555,0.252508,0.247576,0.257150,1.000000,1.000000,1.000000,0.000000,0.000000,0.000000,0.000000,0.000000,0.000000,0.000000,0.000000,false,353.1,fox,gpu-17.fox,NVIDIA H200 NVL,4012644,
Markov1,,ordered,keep_last_s103,25518,0.300141,0.294341,0.305555,0.252508,0.247576,0.257150,1.000000,1.000000,1.000000,0.000000,0.000000,0.000000,0.000000,0.000000,0.000000,0.000000,0.000000,false,356.9,fox,gpu-17.fox,NVIDIA H200 NVL,4012644,
Markov1,,ordered,early_half_s101,25518,0.300141,0.294341,0.305555,0.252508,0.247576,0.257150,1.000000,1.000000,1.000000,0.000000,0.000000,0.000000,0.000000,0.000000,0.000000,0.000000,0.000000,false,360.5,fox,gpu-17.fox,NVIDIA H200 NVL,4012644,
Markov1,,ordered,early_half_s102,25518,0.300141,0.294341,0.305555,0.252508,0.247576,0.257150,1.000000,1.000000,1.000000,0.000000,0.000000,0.000000,0.000000,0.000000,0.000000,0.000000,0.000000,false,364.3,fox,gpu-17.fox,NVIDIA H200 NVL,4012644,
Markov1,,ordered,early_half_s103,25518,0.300141,0.294341,0.305555,0.252508,0.247576,0.257150,1.000000,1.000000,1.000000,0.000000,0.000000,0.000000,0.000000,0.000000,0.000000,0.000000,0.000000,false,368.0,fox,gpu-17.fox,NVIDIA H200 NVL,4012644,
Markov2,,ordered,ordered,25518,0.309233,0.303589,0.314563,0.272052,0.266884,0.277058,,,,,,,,,,,,false,371.6,fox,gpu-17.fox,NVIDIA H200 NVL,4012644,
Markov2,,ordered,full_shuffle_s101,25518,0.017595,0.015950,0.019163,0.009710,0.008674,0.010712,0.049817,0.047850,0.051723,-0.291637,-0.943100,-0.297006,-0.285718,-0.262342,-0.964308,-0.267340,-0.257157,false,375.4,fox,gpu-17.fox,NVIDIA H200 NVL,4012644,
Markov2,,ordered,full_shuffle_s102,25518,0.019868,0.018144,0.021593,0.011226,0.010107,0.012309,0.050392,0.048512,0.052426,-0.289364,-0.935750,-0.295165,-0.283682,-0.260826,-0.958736,-0.265981,-0.255824,false,379.1,fox,gpu-17.fox,NVIDIA H200 NVL,4012644,
Markov2,,ordered,full_shuffle_s103,25518,0.019908,0.018221,0.021749,0.011281,0.010229,0.012370,0.048682,0.046671,0.050541,-0.289325,-0.935623,-0.294854,-0.283603,-0.260771,-0.958532,-0.265703,-0.255540,false,382.9,fox,gpu-17.fox,NVIDIA H200 NVL,4012644,
Markov2,,ordered,keep_last_s101,25518,0.299906,0.294104,0.305394,0.250175,0.245229,0.254750,0.901296,0.898674,0.903903,-0.009327,-0.030161,-0.010816,-0.007838,-0.021877,-0.080416,-0.023606,-0.020123,false,386.7,fox,gpu-17.fox,NVIDIA H200 NVL,4012644,
Markov2,,ordered,keep_last_s102,25518,0.299906,0.294067,0.305431,0.249691,0.244750,0.254457,0.901121,0.898566,0.903889,-0.009327,-0.030161,-0.010855,-0.007759,-0.022361,-0.082195,-0.023996,-0.020592,false,390.5,fox,gpu-17.fox,NVIDIA H200 NVL,4012644,
Markov2,,ordered,keep_last_s103,25518,0.300298,0.294536,0.305668,0.250076,0.245282,0.254704,0.901614,0.899019,0.904310,-0.008935,-0.028894,-0.010424,-0.007446,-0.021976,-0.080778,-0.023616,-0.020134,false,394.4,fox,gpu-17.fox,NVIDIA H200 NVL,4012644,
Markov2,,ordered,early_half_s101,25518,0.309233,0.303589,0.314563,0.272052,0.266884,0.277058,1.000000,1.000000,1.000000,0.000000,0.000000,0.000000,0.000000,0.000000,0.000000,0.000000,0.000000,false,398.3,fox,gpu-17.fox,NVIDIA H200 NVL,4012644,
Markov2,,ordered,early_half_s102,25518,0.309233,0.303589,0.314563,0.272052,0.266884,0.277058,1.000000,1.000000,1.000000,0.000000,0.000000,0.000000,0.000000,0.000000,0.000000,0.000000,0.000000,false,401.9,fox,gpu-17.fox,NVIDIA H200 NVL,4012644,
Markov2,,ordered,early_half_s103,25518,0.309233,0.303589,0.314563,0.272052,0.266884,0.277058,1.000000,1.000000,1.000000,0.000000,0.000000,0.000000,0.000000,0.000000,0.000000,0.000000,0.000000,false,405.7,fox,gpu-17.fox,NVIDIA H200 NVL,4012644,
GRU4Rec,45,ordered,ordered,25518,0.274355,0.268830,0.279763,0.221926,0.217429,0.226604,,,,,,,,,,,,false,5.1,fox,gpu-17.fox,NVIDIA H200 NVL,4012649,/fp/homes01/u01/ec-michelec/MIMICIV/checkpoints/recsys/GRU4Rec_ordered_s45.pt
GRU4Rec,45,ordered,full_shuffle_s101,25518,0.028803,0.026805,0.030919,0.015040,0.013874,0.016268,0.062689,0.061167,0.064272,-0.245552,-0.895015,-0.250884,-0.239981,-0.206886,-0.932230,-0.211749,-0.202176,false,9.4,fox,gpu-17.fox,NVIDIA H200 NVL,4012649,/fp/homes01/u01/ec-michelec/MIMICIV/checkpoints/recsys/GRU4Rec_ordered_s45.pt
GRU4Rec,45,ordered,full_shuffle_s102,25518,0.027236,0.025120,0.029156,0.013876,0.012707,0.014932,0.061663,0.060206,0.063255,-0.247120,-0.900728,-0.252606,-0.241555,-0.208050,-0.937474,-0.212933,-0.203354,false,13.8,fox,gpu-17.fox,NVIDIA H200 NVL,4012649,/fp/homes01/u01/ec-michelec/MIMICIV/checkpoints/recsys/GRU4Rec_ordered_s45.pt
GRU4Rec,45,ordered,full_shuffle_s103,25518,0.029273,0.027117,0.031390,0.015021,0.013868,0.016278,0.061987,0.060397,0.063539,-0.245082,-0.893301,-0.250647,-0.239555,-0.206905,-0.932314,-0.211496,-0.202279,false,18.2,fox,gpu-17.fox,NVIDIA H200 NVL,4012649,/fp/homes01/u01/ec-michelec/MIMICIV/checkpoints/recsys/GRU4Rec_ordered_s45.pt
GRU4Rec,45,ordered,keep_last_s101,25518,0.090642,0.086957,0.094090,0.059478,0.056803,0.061892,0.121730,0.119590,0.123781,-0.183713,-0.669619,-0.189004,-0.178500,-0.162448,-0.731993,-0.166741,-0.158416,false,22.6,fox,gpu-17.fox,NVIDIA H200 NVL,4012649,/fp/homes01/u01/ec-michelec/MIMICIV/checkpoints/recsys/GRU4Rec_ordered_s45.pt
GRU4Rec,45,ordered,keep_last_s102,25518,0.091347,0.087898,0.094875,0.059505,0.056977,0.062025,0.121242,0.119236,0.123224,-0.183008,-0.667048,-0.188143,-0.177717,-0.162421,-0.731870,-0.166715,-0.157998,false,26.9,fox,gpu-17.fox,NVIDIA H200 NVL,4012649,/fp/homes01/u01/ec-michelec/MIMICIV/checkpoints/recsys/GRU4Rec_ordered_s45.pt
GRU4Rec,45,ordered,keep_last_s103,25518,0.090720,0.087272,0.094208,0.058724,0.056360,0.061079,0.120256,0.118373,0.122102,-0.183635,-0.669333,-0.188848,-0.178500,-0.163202,-0.735390,-0.167727,-0.158995,false,31.3,fox,gpu-17.fox,NVIDIA H200 NVL,4012649,/fp/homes01/u01/ec-michelec/MIMICIV/checkpoints/recsys/GRU4Rec_ordered_s45.pt
GRU4Rec,45,ordered,early_half_s101,25518,0.269339,0.263812,0.274747,0.215492,0.210943,0.220010,0.833908,0.831586,0.835996,-0.005016,-0.018283,-0.006270,-0.003800,-0.006434,-0.028990,-0.007232,-0.005660,false,35.6,fox,gpu-17.fox,NVIDIA H200 NVL,4012649,/fp/homes01/u01/ec-michelec/MIMICIV/checkpoints/recsys/GRU4Rec_ordered_s45.pt
GRU4Rec,45,ordered,early_half_s102,25518,0.269104,0.263500,0.274513,0.215810,0.211219,0.220333,0.834141,0.832007,0.836160,-0.005251,-0.019140,-0.006544,-0.003957,-0.006116,-0.027559,-0.006914,-0.005320,false,39.9,fox,gpu-17.fox,NVIDIA H200 NVL,4012649,/fp/homes01/u01/ec-michelec/MIMICIV/checkpoints/recsys/GRU4Rec_ordered_s45.pt
GRU4Rec,45,ordered,early_half_s103,25518,0.269496,0.263813,0.274747,0.215636,0.211145,0.220168,0.833914,0.831880,0.835848,-0.004859,-0.017712,-0.006153,-0.003605,-0.006290,-0.028344,-0.007088,-0.005499,false,44.3,fox,gpu-17.fox,NVIDIA H200 NVL,4012649,/fp/homes01/u01/ec-michelec/MIMICIV/checkpoints/recsys/GRU4Rec_ordered_s45.pt
Markov1,,shuffled_train_s101,ordered,25518,0.040089,0.037699,0.042363,0.022208,0.020693,0.023684,,,,,,,,,,,,false,685.6,local,shy-earth-passes-fin-03,cpu,,
Markov1,,shuffled_train_s101,full_shuffle_s101,25518,0.008974,0.007797,0.010111,0.004897,0.004224,0.005577,0.039030,0.037202,0.040761,-0.031115,-0.776149,-0.033468,-0.028646,-0.017311,-0.779483,-0.018798,-0.015734,false,693.7,local,shy-earth-passes-fin-03,cpu,,
Markov1,,shuffled_train_s101,full_shuffle_s102,25518,0.009327,0.008151,0.010660,0.005286,0.004583,0.006083,0.039399,0.037670,0.041214,-0.030763,-0.767351,-0.033310,-0.028214,-0.016922,-0.761963,-0.018465,-0.015319,false,701.7,local,shy-earth-passes-fin-03,cpu,,
Markov1,,shuffled_train_s101,full_shuffle_s103,25518,0.009405,0.008229,0.010581,0.005141,0.004398,0.005805,0.037947,0.036231,0.039811,-0.030684,-0.765396,-0.033114,-0.028215,-0.017067,-0.768515,-0.018533,-0.015561,false,709.6,local,shy-earth-passes-fin-03,cpu,,
Markov1,,shuffled_train_s101,keep_last_s101,25518,0.040089,0.037699,0.042363,0.022208,0.020693,0.023684,1.000000,1.000000,1.000000,0.000000,0.000000,0.000000,0.000000,0.000000,0.000000,0.000000,0.000000,false,717.6,local,shy-earth-passes-fin-03,cpu,,
Markov1,,shuffled_train_s101,keep_last_s102,25518,0.040089,0.037699,0.042363,0.022208,0.020693,0.023684,1.000000,1.000000,1.000000,0.000000,0.000000,0.000000,0.000000,0.000000,0.000000,0.000000,0.000000,false,725.6,local,shy-earth-passes-fin-03,cpu,,
Markov1,,shuffled_train_s101,keep_last_s103,25518,0.040089,0.037699,0.042363,0.022208,0.020693,0.023684,1.000000,1.000000,1.000000,0.000000,0.000000,0.000000,0.000000,0.000000,0.000000,0.000000,0.000000,false,733.6,local,shy-earth-passes-fin-03,cpu,,
Markov1,,shuffled_train_s101,early_half_s101,25518,0.040089,0.037699,0.042363,0.022208,0.020693,0.023684,1.000000,1.000000,1.000000,0.000000,0.000000,0.000000,0.000000,0.000000,0.000000,0.000000,0.000000,false,741.6,local,shy-earth-passes-fin-03,cpu,,
Markov1,,shuffled_train_s101,early_half_s102,25518,0.040089,0.037699,0.042363,0.022208,0.020693,0.023684,1.000000,1.000000,1.000000,0.000000,0.000000,0.000000,0.000000,0.000000,0.000000,0.000000,0.000000,false,749.5,local,shy-earth-passes-fin-03,cpu,,
Markov1,,shuffled_train_s101,early_half_s103,25518,0.040089,0.037699,0.042363,0.022208,0.020693,0.023684,1.000000,1.000000,1.000000,0.000000,0.000000,0.000000,0.000000,0.000000,0.000000,0.000000,0.000000,false,757.4,local,shy-earth-passes-fin-03,cpu,,
Markov2,,shuffled_train_s101,ordered,25518,0.035896,0.033622,0.038169,0.018128,0.016895,0.019416,,,,,,,,,,,,false,764.5,local,shy-earth-passes-fin-03,cpu,,
Markov2,,shuffled_train_s101,full_shuffle_s101,25518,0.008935,0.007798,0.010072,0.004833,0.004175,0.005534,0.037783,0.036052,0.039485,-0.026961,-0.751092,-0.029274,-0.024648,-0.013295,-0.733407,-0.014648,-0.011912,false,772.5,local,shy-earth-passes-fin-03,cpu,,
Markov2,,shuffled_train_s101,full_shuffle_s102,25518,0.009052,0.007877,0.010346,0.004957,0.004296,0.005697,0.037983,0.036280,0.039688,-0.026844,-0.747817,-0.029273,-0.024529,-0.013170,-0.726539,-0.014557,-0.011753,false,780.6,local,shy-earth-passes-fin-03,cpu,,
Markov2,,shuffled_train_s101,full_shuffle_s103,25518,0.009013,0.007877,0.010150,0.004832,0.004108,0.005472,0.036286,0.034704,0.038059,-0.026883,-0.748908,-0.029234,-0.024375,-0.013295,-0.733422,-0.014647,-0.011974,false,788.4,local,shy-earth-passes-fin-03,cpu,,
Markov2,,shuffled_train_s101,keep_last_s101,25518,0.039502,0.037110,0.041775,0.021525,0.020018,0.023012,0.965061,0.963566,0.966476,0.003605,0.100437,0.002743,0.004507,0.003397,0.187414,0.002804,0.004058,false,796.5,local,shy-earth-passes-fin-03,cpu,,
Markov2,,shuffled_train_s101,keep_last_s102,25518,0.039619,0.037229,0.041970,0.021753,0.020271,0.023259,0.964579,0.963128,0.966071,0.003723,0.103712,0.002822,0.004586,0.003625,0.199984,0.003037,0.004228,false,804.5,local,shy-earth-passes-fin-03,cpu,,
Markov2,,shuffled_train_s101,keep_last_s103,25518,0.039776,0.037385,0.042088,0.021659,0.020174,0.023108,0.964809,0.963322,0.966252,0.003880,0.108079,0.002939,0.004781,0.003531,0.194804,0.002918,0.004146,false,812.8,local,shy-earth-passes-fin-03,cpu,,
Markov2,,shuffled_train_s101,early_half_s101,25518,0.035896,0.033622,0.038169,0.018128,0.016895,0.019416,1.000000,1.000000,1.000000,0.000000,0.000000,0.000000,0.000000,0.000000,0.000000,0.000000,0.000000,false,821.0,local,shy-earth-passes-fin-03,cpu,,
Markov2,,shuffled_train_s101,early_half_s102,25518,0.035896,0.033622,0.038169,0.018128,0.016895,0.019416,1.000000,1.000000,1.000000,0.000000,0.000000,0.000000,0.000000,0.000000,0.000000,0.000000,0.000000,false,829.3,local,shy-earth-passes-fin-03,cpu,,
Markov2,,shuffled_train_s101,early_half_s103,25518,0.035896,0.033622,0.038169,0.018128,0.016895,0.019416,1.000000,1.000000,1.000000,0.000000,0.000000,0.000000,0.000000,0.000000,0.000000,0.000000,0.000000,false,837.4,local,shy-earth-passes-fin-03,cpu,,
SASRec,17,shuffled_train_s101,ordered,25518,0.035504,0.033388,0.037816,0.018012,0.016834,0.019348,,,,,,,,,,,,false,8.9,local,shy-earth-passes-fin-03,NVIDIA H200,,/root/LLMSeq/checkpoints/recsys/SASRec_shuffled_train_s101_s17.pt
SASRec,17,shuffled_train_s101,full_shuffle_s101,25518,0.042166,0.039853,0.044674,0.020892,0.019609,0.022259,0.404209,0.401180,0.407216,0.006662,0.187638,0.004937,0.008505,0.002881,0.159938,0.002017,0.003766,false,17.4,local,shy-earth-passes-fin-03,NVIDIA H200,,/root/LLMSeq/checkpoints/recsys/SASRec_shuffled_train_s101_s17.pt
SASRec,17,shuffled_train_s101,full_shuffle_s102,25518,0.041265,0.038953,0.043735,0.021060,0.019784,0.022533,0.403635,0.400607,0.406673,0.005761,0.162252,0.003997,0.007485,0.003048,0.169242,0.002122,0.003943,false,26.1,local,shy-earth-passes-fin-03,NVIDIA H200,,/root/LLMSeq/checkpoints/recsys/SASRec_shuffled_train_s101_s17.pt
SASRec,17,shuffled_train_s101,full_shuffle_s103,25518,0.041696,0.039383,0.044205,0.021117,0.019752,0.022513,0.404156,0.401096,0.407285,0.006192,0.174393,0.004349,0.008073,0.003106,0.172425,0.002234,0.004057,false,34.5,local,shy-earth-passes-fin-03,NVIDIA H200,,/root/LLMSeq/checkpoints/recsys/SASRec_shuffled_train_s101_s17.pt
SASRec,17,shuffled_train_s101,keep_last_s101,25518,0.043224,0.040676,0.045928,0.021516,0.020267,0.022913,0.512620,0.509499,0.515390,0.007720,0.217439,0.006035,0.009406,0.003505,0.194575,0.002702,0.004292,false,43.0,local,shy-earth-passes-fin-03,NVIDIA H200,,/root/LLMSeq/checkpoints/recsys/SASRec_shuffled_train_s101_s17.pt
SASRec,17,shuffled_train_s101,keep_last_s102,25518,0.043499,0.040951,0.046124,0.021652,0.020367,0.023125,0.511968,0.508835,0.515002,0.007994,0.225166,0.006427,0.009679,0.003641,0.202141,0.002853,0.004404,false,51.5,local,shy-earth-passes-fin-03,NVIDIA H200,,/root/LLMSeq/checkpoints/recsys/SASRec_shuffled_train_s101_s17.pt
SASRec,17,shuffled_train_s101,keep_last_s103,25518,0.043655,0.041342,0.046242,0.021635,0.020339,0.022980,0.512535,0.509686,0.515384,0.008151,0.229581,0.006388,0.009875,0.003623,0.201147,0.002807,0.004437,false,60.0,local,shy-earth-passes-fin-03,NVIDIA H200,,/root/LLMSeq/checkpoints/recsys/SASRec_shuffled_train_s101_s17.pt
SASRec,17,shuffled_train_s101,early_half_s101,25518,0.037033,0.034838,0.039384,0.018567,0.017359,0.019923,0.714464,0.711730,0.717069,0.001528,0.043046,0.000509,0.002586,0.000556,0.030846,0.000106,0.000997,false,68.6,local,shy-earth-passes-fin-03,NVIDIA H200,,/root/LLMSeq/checkpoints/recsys/SASRec_shuffled_train_s101_s17.pt
SASRec,17,shuffled_train_s101,early_half_s102,25518,0.036876,0.034681,0.039228,0.018473,0.017247,0.019755,0.715894,0.713268,0.718639,0.001372,0.038631,0.000314,0.002470,0.000461,0.025610,0.000001,0.000920,false,77.3,local,shy-earth-passes-fin-03,NVIDIA H200,,/root/LLMSeq/checkpoints/recsys/SASRec_shuffled_train_s101_s17.pt
SASRec,17,shuffled_train_s101,early_half_s103,25518,0.036993,0.034876,0.039384,0.018576,0.017383,0.019861,0.714646,0.712038,0.717349,0.001489,0.041943,0.000508,0.002547,0.000564,0.031326,0.000101,0.001026,false,86.1,local,shy-earth-passes-fin-03,NVIDIA H200,,/root/LLMSeq/checkpoints/recsys/SASRec_shuffled_train_s101_s17.pt
GRU4Rec,17,shuffled_train_s101,ordered,25518,0.032879,0.030684,0.035308,0.016643,0.015446,0.017901,,,,,,,,,,,,false,8.6,local,shy-earth-passes-fin-03,NVIDIA H200,,/root/LLMSeq/checkpoints/recsys/GRU4Rec_shuffled_train_s101_s17.pt
GRU4Rec,17,shuffled_train_s101,full_shuffle_s101,25518,0.034956,0.032722,0.037151,0.017555,0.016353,0.018872,0.712000,0.709626,0.714327,0.002077,0.063170,0.001019,0.003057,0.000912,0.054803,0.000467,0.001314,false,17.2,local,shy-earth-passes-fin-03,NVIDIA H200,,/root/LLMSeq/checkpoints/recsys/GRU4Rec_shuffled_train_s101_s17.pt
GRU4Rec,17,shuffled_train_s101,full_shuffle_s102,25518,0.034525,0.032291,0.036837,0.017416,0.016208,0.018727,0.713045,0.710692,0.715489,0.001646,0.050060,0.000627,0.002586,0.000773,0.046457,0.000325,0.001225,false,25.7,local,shy-earth-passes-fin-03,NVIDIA H200,,/root/LLMSeq/checkpoints/recsys/GRU4Rec_shuffled_train_s101_s17.pt
GRU4Rec,17,shuffled_train_s101,full_shuffle_s103,25518,0.035348,0.033114,0.037739,0.017722,0.016502,0.019084,0.713092,0.710868,0.715338,0.002469,0.075089,0.001411,0.003450,0.001080,0.064871,0.000665,0.001501,false,34.2,local,shy-earth-passes-fin-03,NVIDIA H200,,/root/LLMSeq/checkpoints/recsys/GRU4Rec_shuffled_train_s101_s17.pt
GRU4Rec,17,shuffled_train_s101,keep_last_s101,25518,0.034721,0.032487,0.037072,0.017525,0.016266,0.018880,0.727662,0.725294,0.729914,0.001842,0.056019,0.000901,0.002782,0.000883,0.053037,0.000495,0.001297,false,42.8,local,shy-earth-passes-fin-03,NVIDIA H200,,/root/LLMSeq/checkpoints/recsys/GRU4Rec_shuffled_train_s101_s17.pt
GRU4Rec,17,shuffled_train_s101,keep_last_s102,25518,0.034681,0.032487,0.036993,0.017558,0.016314,0.018868,0.727853,0.725367,0.730226,0.001803,0.054827,0.000823,0.002744,0.000915,0.054989,0.000493,0.001368,false,51.3,local,shy-earth-passes-fin-03,NVIDIA H200,,/root/LLMSeq/checkpoints/recsys/GRU4Rec_shuffled_train_s101_s17.pt
GRU4Rec,17,shuffled_train_s101,keep_last_s103,25518,0.034603,0.032447,0.036877,0.017557,0.016337,0.018869,0.727279,0.724881,0.729675,0.001724,0.052443,0.000822,0.002665,0.000914,0.054944,0.000458,0.001358,false,59.8,local,shy-earth-passes-fin-03,NVIDIA H200,,/root/LLMSeq/checkpoints/recsys/GRU4Rec_shuffled_train_s101_s17.pt
GRU4Rec,17,shuffled_train_s101,early_half_s101,25518,0.032526,0.030332,0.034721,0.016554,0.015344,0.017828,0.823036,0.820996,0.824958,-0.000353,-0.010727,-0.001136,0.000392,-0.000089,-0.005352,-0.000362,0.000202,false,68.4,local,shy-earth-passes-fin-03,NVIDIA H200,,/root/LLMSeq/checkpoints/recsys/GRU4Rec_shuffled_train_s101_s17.pt
GRU4Rec,17,shuffled_train_s101,early_half_s102,25518,0.033075,0.030956,0.035387,0.016767,0.015534,0.018073,0.823882,0.821933,0.825750,0.000196,0.005959,-0.000509,0.000901,0.000124,0.007436,-0.000168,0.000414,false,76.9,local,shy-earth-passes-fin-03,NVIDIA H200,,/root/LLMSeq/checkpoints/recsys/GRU4Rec_shuffled_train_s101_s17.pt
GRU4Rec,17,shuffled_train_s101,early_half_s103,25518,0.032957,0.030762,0.035191,0.016777,0.015537,0.018029,0.823604,0.821628,0.825423,0.000078,0.002384,-0.000705,0.000823,0.000135,0.008091,-0.000166,0.000416,false,85.4,local,shy-earth-passes-fin-03,NVIDIA H200,,/root/LLMSeq/checkpoints/recsys/GRU4Rec_shuffled_train_s101_s17.pt
