encoding_method,fraction,train_samples,test_samples,auc,f1,accuracy,precision,recall,training_time_sec,seed,dataset_id,timestamp,mode
basic,0.01,4000,50000,0.4975898545911288,0.602832032801996,0.50018,0.5007128148265484,0.7572769015771611,4.367487192153931,9552,kip_m6,2026-09-10T15:23:06.007330,ordered
basic,0.1,40000,50000,0.4972349294411713,0.4843374976921656,0.49726,0.4980592355075521,0.4713515671790776,4.639764547348023,9552,kip_m6,2026-09-10T15:23:10.862717,ordered
basic,0.3,120000,50000,0.4984808910780871,0.5395544962874691,0.4977,0.4988135593220339,0.5875424236374526,5.4403393268585205,9552,kip_m6,2026-09-10T15:23:16.520785,ordered
basic,0.5,200000,50000,0.5016137372285087,0.5166045934202359,0.5016,0.5023578677330517,0.5316829706528249,7.0356433391571045,9552,kip_m6,2026-09-10T15:23:23.804247,ordered
basic,0.75,300000,50000,0.5036045860788588,0.5347226112449349,0.50166,0.5022449838641785,0.5716909562786984,4.294588804244995,9552,kip_m6,2026-09-10T15:23:28.316207,ordered
basic,1.0,400000,50000,0.5039146206833711,0.5189416600729491,0.50146,0.5022037950097117,0.5368336993411859,6.211265563964844,9552,kip_m6,2026-09-10T15:23:34.770633,ordered
categorical,0.01,4000,50000,0.5030223945925584,0.5064996829422955,0.50192,0.5027735158739526,0.5102814933120383,1.6571707725524902,9552,kip_m6,2026-09-10T15:23:36.643850,ordered
categorical,0.1,40000,50000,0.5013666468279356,0.4976063080822303,0.50048,0.5013985163565609,0.4938710321421441,4.670056819915772,9552,kip_m6,2026-09-10T15:23:41.529940,ordered
categorical,0.3,120000,50000,0.4996317084067352,0.5337758469598941,0.4999,0.5006995942353435,0.5715312437612298,2.5844433307647705,9552,kip_m6,2026-09-10T15:23:44.331900,ordered
categorical,0.5,200000,50000,0.4996030971140346,0.4841137296138224,0.49958,0.5005115961800819,0.4687562387702136,6.107084512710571,9552,kip_m6,2026-09-10T15:23:50.665573,ordered
categorical,0.75,300000,50000,0.4997966409411166,0.5031867431485022,0.50112,0.5020069149147558,0.5043721301657017,8.319709062576294,9552,kip_m6,2026-09-10T15:23:59.205766,ordered
categorical,1.0,400000,50000,0.497826304957228,0.5109797627901514,0.50028,0.5011324810933241,0.5212218007586344,6.096900939941406,9552,kip_m6,2026-09-10T15:24:05.518875,ordered
tfidf,0.01,4000,50000,0.4970661400942939,0.3223464888697709,0.49588,0.4933750308616574,0.2393691355559992,7.0354204177856445,9552,kip_m6,2026-09-10T15:24:12.768925,ordered
tfidf,0.1,40000,50000,0.4999609622735178,0.4826557872719365,0.50038,0.5013768178297909,0.4652824915152725,6.1700966358184814,9552,kip_m6,2026-09-10T15:24:19.164478,ordered
tfidf,0.3,120000,50000,0.5030698107461868,0.5076124089176755,0.5013,0.5021487732458196,0.5131962467558395,10.72452998161316,9552,kip_m6,2026-09-10T15:24:30.128751,ordered
tfidf,0.5,200000,50000,0.5025608226970656,0.4957891327232974,0.50188,0.5028540922344051,0.4889199441006189,14.663284063339232,9552,kip_m6,2026-09-10T15:24:45.018174,ordered
tfidf,0.75,300000,50000,0.4997090222572321,0.5090681431338407,0.49814,0.4990793309805125,0.5194649630664804,16.127445459365845,9552,kip_m6,2026-09-10T15:25:01.379792,ordered
tfidf,1.0,400000,50000,0.5041743903250246,0.5512990191634788,0.50502,0.5049149840595112,0.6070672788979836,19.76188349723816,9552,kip_m6,2026-09-10T15:25:21.376242,ordered
basic,0.01,4000,50000,0.4992005086096479,0.4541316223012225,0.49636,0.4967515530895812,0.4182471551207826,3.3199775218963623,9550,kip_m6,2026-09-10T15:33:12.856997,shuffled_train
basic,0.1,40000,50000,0.4992725304429987,0.5264588208651015,0.49816,0.4991590022545897,0.5569175484128569,5.347859144210815,9550,kip_m6,2026-09-10T15:33:18.455762,shuffled_train
basic,0.3,120000,50000,0.4988702963397602,0.5209159720226119,0.49998,0.5008106116433308,0.5427031343581553,2.5821938514709477,9550,kip_m6,2026-09-10T15:33:21.254330,shuffled_train
basic,0.5,200000,50000,0.5026802702840756,0.4462126600284495,0.50168,0.503233568957738,0.4007985625873428,3.686197519302368,9550,kip_m6,2026-09-10T15:33:25.160453,shuffled_train
basic,0.75,300000,50000,0.4986073114876893,0.4813465280940748,0.49896,0.4998495076751085,0.4641645038929926,4.328285217285156,9550,kip_m6,2026-09-10T15:33:29.706695,shuffled_train
basic,1.0,400000,50000,0.5005211392884913,0.5057280227933757,0.50038,0.5012550988390335,0.5102814933120383,5.275457620620728,9550,kip_m6,2026-09-10T15:33:35.204300,shuffled_train
categorical,0.01,4000,50000,0.5007096462992541,0.5219609497871035,0.50152,0.5022330491270808,0.5433020562986625,1.3867895603179932,9550,kip_m6,2026-09-10T15:33:36.806716,shuffled_train
categorical,0.1,40000,50000,0.4979603629915761,0.5074091589816347,0.50004,0.5009142901606817,0.5140746656019165,1.759563684463501,9550,kip_m6,2026-09-10T15:33:38.783255,shuffled_train
categorical,0.3,120000,50000,0.5015066760816305,0.5072549717313091,0.50148,0.5023295877217023,0.5122778997803953,2.545598268508911,9550,kip_m6,2026-09-10T15:33:41.545536,shuffled_train
categorical,0.5,200000,50000,0.4974421053124213,0.5075173173803527,0.49948,0.500368631407396,0.5148732281892593,6.099173784255981,9550,kip_m6,2026-09-10T15:33:47.860901,shuffled_train
categorical,0.75,300000,50000,0.5004259341800268,0.4925336795974679,0.49976,0.5006806088355401,0.484647634258335,5.268365859985352,9550,kip_m6,2026-09-10T15:33:53.373520,shuffled_train
categorical,1.0,400000,50000,0.5010249673208941,0.4791610086280736,0.50138,0.5024975900446937,0.4578957875823518,7.728480577468872,9550,kip_m6,2026-09-10T15:34:01.319551,shuffled_train
tfidf,0.01,4000,50000,0.4938032703225958,0.4280233376467116,0.4961,0.4960534624289623,0.3764024755440208,4.44501805305481,9550,kip_m6,2026-09-10T15:34:05.978769,shuffled_train
tfidf,0.1,40000,50000,0.501925146237474,0.5080060810677407,0.50162,0.5024605530385877,0.5136753843082451,5.92320728302002,9550,kip_m6,2026-09-10T15:34:12.122340,shuffled_train
tfidf,0.3,120000,50000,0.5022473720814855,0.5426182820395039,0.50214,0.5025867937372362,0.5895787582351767,11.541213035583496,9550,kip_m6,2026-09-10T15:34:23.892680,shuffled_train
tfidf,0.5,200000,50000,0.500317350628216,0.483402361377264,0.49858,0.4994464787532998,0.4683569574765422,19.803993463516235,9550,kip_m6,2026-09-10T15:34:43.925609,shuffled_train
tfidf,0.75,300000,50000,0.4964654309479963,0.472972688854782,0.49866,0.4995115019095834,0.4491115991215811,20.457029104232788,9550,kip_m6,2026-09-10T15:35:04.618030,shuffled_train
tfidf,1.0,400000,50000,0.5018857485098251,0.4996689738188384,0.50122,0.5021370967741936,0.4972249950089838,21.835381746292114,9550,kip_m6,2026-09-10T15:35:26.691902,shuffled_train
basic,0.01,4000,50000,0.4970901737943124,0.5204093365528343,0.49948,0.4977455185307379,0.5452355137935189,1.470543622970581,9551,kip_m4,2026-09-10T15:12:42.800457,ordered
basic,0.1,40000,50000,0.4958305412312999,0.3730081544101145,0.49714,0.4921042242400316,0.3003252620166245,4.6486897468566895,9551,kip_m4,2026-09-10T15:12:47.666260,ordered
basic,0.3,120000,50000,0.4953979907195115,0.4848584123344049,0.49682,0.4946524064171123,0.4754447255350761,5.904119253158569,9551,kip_m4,2026-09-10T15:12:53.788794,ordered
basic,0.5,200000,50000,0.5019892739473257,0.4697211749419558,0.5021,0.5001814552712757,0.4427579006545396,6.381554365158081,9551,kip_m4,2026-09-10T15:13:00.388617,ordered
basic,0.75,300000,50000,0.4974493128009346,0.4953073815792118,0.49774,0.4957756678467975,0.4948399791189816,4.618392467498779,9551,kip_m4,2026-09-10T15:13:05.229148,ordered
basic,1.0,400000,50000,0.5022954089560046,0.4980599505438169,0.50066,0.4987116515017312,0.4974099506083604,5.835341691970825,9551,kip_m4,2026-09-10T15:13:11.286101,ordered
categorical,0.01,4000,50000,0.5017918333749763,0.4779995392573666,0.5015,0.4995185152761972,0.4582580411998554,4.307233095169067,9551,kip_m4,2026-09-10T15:13:15.809517,ordered
categorical,0.1,40000,50000,0.4979443754538057,0.5392455182021483,0.49728,0.4960709588209503,0.5906517287073847,4.670069217681885,9551,kip_m4,2026-09-10T15:13:20.697106,ordered
categorical,0.3,120000,50000,0.5006240101940991,0.4999698425782585,0.50258,0.5006442261233693,0.499297273420873,5.372825622558594,9551,kip_m4,2026-09-10T15:13:26.288203,ordered
categorical,0.5,200000,50000,0.5025757483763463,0.5100951405440542,0.50258,0.5006186204763378,0.5199373569449464,6.377744197845459,9551,kip_m4,2026-09-10T15:13:32.884829,ordered
categorical,0.75,300000,50000,0.5001327643986884,0.4985464242035407,0.49978,0.4978377512613117,0.4992571176163514,8.09539246559143,9551,kip_m4,2026-09-10T15:13:41.200510,ordered
categorical,1.0,400000,50000,0.5038294496500667,0.5070773367072592,0.50132,0.4993964409485611,0.5149981929887966,8.792730808258057,9551,kip_m4,2026-09-10T15:13:50.214006,ordered
tfidf,0.01,4000,50000,0.5019048822768598,0.5205416394951858,0.50004,0.4982559206902882,0.5449142673573465,6.076605081558228,9551,kip_m4,2026-09-10T15:13:56.512546,ordered
tfidf,0.1,40000,50000,0.4995251264510636,0.5009636208301047,0.49766,0.4957920402705679,0.5062442276031001,10.225670337677002,9551,kip_m4,2026-09-10T15:14:06.997567,ordered
tfidf,0.3,120000,50000,0.4962704134533122,0.4930822676467626,0.49658,0.4945862960568843,0.4915873589527366,15.41986322402954,9551,kip_m4,2026-09-10T15:14:22.668010,ordered
tfidf,0.5,200000,50000,0.5028695423992391,0.507660373628546,0.5019,0.4999610622225683,0.5156005300566197,14.439164161682127,9551,kip_m4,2026-09-10T15:14:37.334624,ordered
tfidf,0.75,300000,50000,0.5029333345595918,0.507468584525409,0.50144,0.4995137889455054,0.5156808416656627,16.29307222366333,9551,kip_m4,2026-09-10T15:14:53.861211,ordered
tfidf,1.0,400000,50000,0.5001907180711461,0.5013885582797747,0.49728,0.4954329844368654,0.5074890575432679,24.64059543609619,9551,kip_m4,2026-09-10T15:15:18.759857,ordered
basic,0.01,4000,50000,0.4978117846577309,0.4174216839408408,0.49974,0.4969498669032831,0.3598361643175521,1.424229860305786,9552,kip_m4,2026-09-10T15:15:28.901599,ordered
basic,0.1,40000,50000,0.5000192346895667,0.4680887263137747,0.49978,0.4975585495976128,0.4419146287595872,1.5832242965698242,9552,kip_m4,2026-09-10T15:15:30.702686,ordered
basic,0.3,120000,50000,0.4972566435004139,0.4585877327350003,0.4981,0.4955240581872435,0.4267758904549653,5.3622002601623535,9552,kip_m4,2026-09-10T15:15:36.282513,ordered
basic,0.5,200000,50000,0.5020942707279892,0.4796770077191808,0.50254,0.5006550218340612,0.4603862988394973,7.204220771789551,9552,kip_m4,2026-09-10T15:15:43.713204,ordered
basic,0.75,300000,50000,0.5077118248968967,0.4981939202078006,0.50544,0.5035897435897436,0.4929125005019475,5.10801887512207,9552,kip_m4,2026-09-10T15:15:49.048983,ordered
basic,1.0,400000,50000,0.509364857782315,0.492552624020352,0.50532,0.5035446117706279,0.4820302774766092,7.676213026046753,9552,kip_m4,2026-09-10T15:15:56.944968,ordered
categorical,0.01,4000,50000,0.504659903752055,0.4958681050274781,0.50464,0.5027861476864656,0.4891378548769224,1.3319618701934814,9552,kip_m4,2026-09-10T15:15:58.492861,ordered
categorical,0.1,40000,50000,0.5003362938627024,0.463656836461126,0.49986,0.4976061136175306,0.4340440910733646,1.6910550594329834,9552,kip_m4,2026-09-10T15:16:00.398990,ordered
categorical,0.3,120000,50000,0.5062621174724213,0.5153040242827769,0.50498,0.5029049766837398,0.5283299200899491,2.4700701236724854,9552,kip_m4,2026-09-10T15:16:03.084654,ordered
categorical,0.5,200000,50000,0.5042382942049763,0.4989042362828478,0.50154,0.4995973262462753,0.4982130666987913,3.7650907039642334,9552,kip_m4,2026-09-10T15:16:07.073523,ordered
categorical,0.75,300000,50000,0.4974706187216824,0.4925903492832627,0.49736,0.4953506314207983,0.4898606593583102,4.430177450180054,9552,kip_m4,2026-09-10T15:16:11.726456,ordered
categorical,1.0,400000,50000,0.4985146648391704,0.4969986549155809,0.4989,0.4969487714790429,0.4970485483676665,9.070337772369385,9552,kip_m4,2026-09-10T15:16:21.016497,ordered
tfidf,0.01,4000,50000,0.4988028939782872,0.5240023574592673,0.49926,0.4975808781051415,0.5533871421113922,5.431462049484253,9552,kip_m4,2026-09-10T15:16:26.667523,ordered
tfidf,0.1,40000,50000,0.5031535914754275,0.2785960241905147,0.50138,0.4985501242750621,0.1933100429667108,8.355096817016602,9552,kip_m4,2026-09-10T15:16:35.240757,ordered
tfidf,0.3,120000,50000,0.5041965703768491,0.4937436315467699,0.50316,0.5012620515579096,0.486447415973979,11.132409572601318,9552,kip_m4,2026-09-10T15:16:46.599318,ordered
tfidf,0.5,200000,50000,0.4996585044589895,0.4953980300339092,0.5,0.4980317357250111,0.4927920330883829,14.373739957809448,9552,kip_m4,2026-09-10T15:17:01.204845,ordered
tfidf,0.75,300000,50000,0.5030909777328152,0.5185270869481395,0.50052,0.4986835762227908,0.5400152592057181,24.52891492843628,9552,kip_m4,2026-09-10T15:17:25.969306,ordered
tfidf,1.0,400000,50000,0.5007621714740342,0.479895431345699,0.49864,0.4964584674822923,0.4644018792916516,26.35766077041626,9552,kip_m4,2026-09-10T15:17:52.585575,ordered
basic,0.01,4000,50000,0.5026925511238656,0.4163779380091769,0.5014,0.5032539188500934,0.3550808544619684,1.451188564300537,9550,kip_m6,2026-09-10T15:18:02.694916,ordered
basic,0.1,40000,50000,0.5039375519576683,0.5324297795228028,0.5046,0.50492284558376,0.5631064084647635,4.909235000610352,9550,kip_m6,2026-09-10T15:18:07.821213,ordered
basic,0.3,120000,50000,0.5032564457508842,0.5169191479482268,0.50062,0.5014263193453945,0.5333998802156119,5.606598854064941,9550,kip_m6,2026-09-10T15:18:13.659309,ordered
basic,0.5,200000,50000,0.497693637327385,0.5026954982195787,0.50002,0.5009118300031716,0.5044919145538032,4.180329322814941,9550,kip_m6,2026-09-10T15:18:18.092263,ordered
basic,0.75,300000,50000,0.5008378291145663,0.4653827244939401,0.49978,0.5007820406661146,0.4346576162906768,9.380429983139038,9550,kip_m6,2026-09-10T15:18:27.719402,ordered
basic,1.0,400000,50000,0.5044760289023336,0.4221334324475004,0.50248,0.5046936621674165,0.3627869834298263,7.768513202667236,9550,kip_m6,2026-09-10T15:18:35.705872,ordered
categorical,0.01,4000,50000,0.5014643783445859,0.4892236955540047,0.50232,0.503400498458159,0.4758235176681972,4.296154975891113,9550,kip_m6,2026-09-10T15:18:40.217624,ordered
categorical,0.1,40000,50000,0.501672796619861,0.4907409297862349,0.50114,0.5021308598646277,0.4798562587342783,4.733214855194092,9550,kip_m6,2026-09-10T15:18:45.165734,ordered
categorical,0.3,120000,50000,0.5063738382512359,0.5321891656900919,0.505,0.5052941387602742,0.5621082052305849,4.092268466949463,9550,kip_m6,2026-09-10T15:18:49.475644,ordered
categorical,0.5,200000,50000,0.5007438960102231,0.5029813540731878,0.50154,0.5024302788844621,0.5035336394489918,6.394088268280029,9550,kip_m6,2026-09-10T15:18:56.089267,ordered
categorical,0.75,300000,50000,0.5004382598199618,0.5108799968662475,0.50054,0.5013839766261725,0.5207426632062288,7.903742790222168,9550,kip_m6,2026-09-10T15:19:04.210924,ordered
categorical,1.0,400000,50000,0.499854351528099,0.5078088026502603,0.5008,0.5016558226516539,0.5141145937312837,6.355348587036133,9550,kip_m6,2026-09-10T15:19:10.782831,ordered
tfidf,0.01,4000,50000,0.4978793019289382,0.4649079780768164,0.49818,0.4989471756843358,0.4352166101018167,7.051276683807373,9550,kip_m6,2026-09-10T15:19:18.051160,ordered
tfidf,0.1,40000,50000,0.4978581418603796,0.5247541635877906,0.49834,0.4993149203144155,0.552924735476143,8.646708250045776,9550,kip_m6,2026-09-10T15:19:26.925750,ordered
tfidf,0.3,120000,50000,0.503149653404877,0.5475377687391052,0.50164,0.502114763379625,0.601996406468357,9.056097030639648,9550,kip_m6,2026-09-10T15:19:36.207233,ordered
tfidf,0.5,200000,50000,0.501481674400625,0.3380928501675948,0.49842,0.4986764247897851,0.2557396685965262,14.43192434310913,9550,kip_m6,2026-09-10T15:19:50.862940,ordered
tfidf,0.75,300000,50000,0.4996662485186452,0.4075089843011159,0.4988,0.4995652425946322,0.3441006188860052,17.914201974868774,9550,kip_m6,2026-09-10T15:20:09.006947,ordered
tfidf,1.0,400000,50000,0.4983144945389623,0.4464143953426832,0.49792,0.4985470127567354,0.4041525254541824,22.11354732513428,9550,kip_m6,2026-09-10T15:20:31.356449,ordered
basic,0.01,4000,50000,0.5036281674198836,0.4767022823544288,0.50338,0.5015965939329431,0.454162149138658,2.988922119140625,9550,kip_m4,2026-09-10T15:25:32.979877,shuffled_train
basic,0.1,40000,50000,0.4989847511160372,0.4443555199857721,0.50012,0.4977339508939688,0.4013171103883066,1.8094627857208248,9550,kip_m4,2026-09-10T15:25:35.006925,shuffled_train
basic,0.3,120000,50000,0.4953390514322158,0.5155397253978284,0.49402,0.4927520316274983,0.5405372846644982,2.5141615867614746,9550,kip_m4,2026-09-10T15:25:37.740573,shuffled_train
basic,0.5,200000,50000,0.5006671668437965,0.3641096309906599,0.50164,0.4994749002310439,0.286471509456692,3.388315439224243,9550,kip_m4,2026-09-10T15:25:41.342786,shuffled_train
basic,0.75,300000,50000,0.4944813889206214,0.4549555410973758,0.49736,0.4946008393454991,0.4211942336264707,4.32231879234314,9550,kip_m4,2026-09-10T15:25:45.884657,shuffled_train
basic,1.0,400000,50000,0.5024085210588395,0.4173066117250421,0.50224,0.5004211353809871,0.3578685298959965,4.906890630722046,9550,kip_m4,2026-09-10T15:25:51.006063,shuffled_train
categorical,0.01,4000,50000,0.5012023877012254,0.4866843523145577,0.50078,0.4987776091721463,0.4751636349034253,1.2950844764709473,9550,kip_m4,2026-09-10T15:25:52.518656,shuffled_train
categorical,0.1,40000,50000,0.4979960842322505,0.475480989941989,0.49728,0.4949389634649637,0.4574950809139461,3.891048192977905,9550,kip_m4,2026-09-10T15:25:56.641334,shuffled_train
categorical,0.3,120000,50000,0.5005198534260813,0.5184542069417916,0.50082,0.4989601901366607,0.5395333895514597,2.6707472801208496,9550,kip_m4,2026-09-10T15:25:59.527820,shuffled_train
categorical,0.5,200000,50000,0.4999982095730461,0.5263257432483547,0.49908,0.4974439638222572,0.5587680199172791,6.041975736618042,9550,kip_m4,2026-09-10T15:26:05.785638,shuffled_train
categorical,0.75,300000,50000,0.5004057405081799,0.4990810865394325,0.50394,0.5020315293352836,0.4961651206681925,9.344750881195068,9550,kip_m4,2026-09-10T15:26:15.349913,shuffled_train
categorical,1.0,400000,50000,0.5010671032645994,0.5160153375421201,0.50016,0.4983355152421919,0.5349957836405252,7.693598031997681,9550,kip_m4,2026-09-10T15:26:23.260661,shuffled_train
tfidf,0.01,4000,50000,0.5017436934502587,0.5735525865022267,0.50208,0.50010454939212,0.6722884792996827,4.351280450820923,9550,kip_m4,2026-09-10T15:26:27.827062,shuffled_train
tfidf,0.1,40000,50000,0.498947420954054,0.5044049810932272,0.49934,0.4974617307091534,0.5115447937999438,5.96798586845398,9550,kip_m4,2026-09-10T15:26:34.028459,shuffled_train
tfidf,0.3,120000,50000,0.4970248520109321,0.4885377753281483,0.4989,0.4968443780102973,0.4805043569047906,9.238986730575562,9550,kip_m4,2026-09-10T15:26:43.499916,shuffled_train
tfidf,0.5,200000,50000,0.5000038376577737,0.4901952757194907,0.50188,0.4999373721347752,0.4808256033409629,20.0811185836792,9550,kip_m4,2026-09-10T15:27:03.842071,shuffled_train
tfidf,0.75,300000,50000,0.5003962587654379,0.5172227995227648,0.49824,0.4965820492923918,0.5396538569650243,22.09170651435852,9550,kip_m4,2026-09-10T15:27:26.169413,shuffled_train
tfidf,1.0,400000,50000,0.5038196615027122,0.5073711289205501,0.5021,0.5001560549313359,0.5147974139661888,23.78664207458496,9550,kip_m4,2026-09-10T15:27:50.194166,shuffled_train
basic,0.01,4000,50000,0.4992723000422521,0.4893160208567631,0.5005,0.5014668901927913,0.4777400678778199,1.396415948867798,9551,kip_m6,2026-09-10T15:20:41.413550,ordered
basic,0.1,40000,50000,0.4998986300715615,0.4917133804533268,0.49948,0.5003927080319127,0.4833300059892194,1.5662617683410645,9551,kip_m6,2026-09-10T15:20:43.197084,ordered
basic,0.3,120000,50000,0.5029355191110819,0.5042339031794216,0.50352,0.5044152315499261,0.5040527051307646,2.5007503032684326,9551,kip_m6,2026-09-10T15:20:45.916897,ordered
basic,0.5,200000,50000,0.4989089244649153,0.4874729227122246,0.4984,0.4992674452676964,0.4762227989618686,3.536426544189453,9551,kip_m6,2026-09-10T15:20:49.670922,ordered
basic,0.75,300000,50000,0.4975210551682187,0.5641579809669885,0.49988,0.500603173621207,0.64619684567778,6.784250497817993,9551,kip_m6,2026-09-10T15:20:56.670994,ordered
basic,1.0,400000,50000,0.5041019828904245,0.5159430452482519,0.50298,0.5036890545371567,0.5288081453383909,6.272011995315552,9551,kip_m6,2026-09-10T15:21:03.158762,ordered
categorical,0.01,4000,50000,0.5009840951884684,0.5058800237576717,0.50084,0.5017082269782054,0.5101217807945698,2.503745079040528,9551,kip_m6,2026-09-10T15:21:05.878076,ordered
categorical,0.1,40000,50000,0.4965991881813697,0.5023649785271824,0.4971,0.4980379846177994,0.5067678179277301,4.463359594345093,9551,kip_m6,2026-09-10T15:21:10.556809,ordered
categorical,0.3,120000,50000,0.4996150139526452,0.4932174478109008,0.50088,0.5018389189635936,0.4848872030345378,4.266513824462891,9551,kip_m6,2026-09-10T15:21:15.050069,ordered
categorical,0.5,200000,50000,0.4993541187073446,0.4994696287401181,0.49982,0.5007223113964687,0.4982231982431623,6.1816465854644775,9551,kip_m6,2026-09-10T15:21:21.474736,ordered
categorical,0.75,300000,50000,0.5045092746100497,0.5117400337109482,0.50176,0.5025599568849367,0.5212617288880016,5.674072980880737,9551,kip_m6,2026-09-10T15:21:27.368610,ordered
categorical,1.0,400000,50000,0.4975525616702998,0.4784199584199584,0.49824,0.4990674474083713,0.459413056498303,6.900188684463501,9551,kip_m6,2026-09-10T15:21:34.499369,ordered
tfidf,0.01,4000,50000,0.5048819806176171,0.5002719526198103,0.50386,0.5048381850707432,0.4957875823517668,7.01683497428894,9551,kip_m6,2026-09-10T15:21:41.732614,ordered
tfidf,0.1,40000,50000,0.4984845294898755,0.4485558774471073,0.49748,0.4980262196013451,0.4080255540027949,8.599778890609741,9551,kip_m6,2026-09-10T15:21:50.560195,ordered
tfidf,0.3,120000,50000,0.5030966196330476,0.3537760281777685,0.50096,0.5034274342153755,0.2727091235775604,10.71885633468628,9551,kip_m6,2026-09-10T15:22:01.501665,ordered
tfidf,0.5,200000,50000,0.5005090376492818,0.5578481035000088,0.49898,0.4999050993293686,0.6309842283889,14.253684520721436,9551,kip_m6,2026-09-10T15:22:15.986141,ordered
tfidf,0.75,300000,50000,0.4999507110403037,0.5075072128123098,0.49814,0.4990735736894928,0.5162307845877421,16.564915657043457,9551,kip_m6,2026-09-10T15:22:32.787146,ordered
tfidf,1.0,400000,50000,0.5040215810299226,0.4805354573698367,0.50174,0.5028803351662738,0.4600918346975444,19.931968450546265,9551,kip_m6,2026-09-10T15:22:52.957323,ordered
basic,0.01,4000,50000,0.4973728236494363,0.4294257281110198,0.50004,0.4974879686921571,0.3777456531341605,1.3784198760986328,9551,kip_m4,2026-09-10T15:28:00.202001,shuffled_train
basic,0.1,40000,50000,0.5008255724284976,0.5522347921186151,0.5005,0.4988339703310229,0.6184395454362929,1.6287047863006592,9551,kip_m4,2026-09-10T15:28:02.047176,shuffled_train
basic,0.3,120000,50000,0.4952190264253114,0.4955337472461446,0.49624,0.4943061493586926,0.4967674577360157,2.4388415813446045,9551,kip_m4,2026-09-10T15:28:04.708059,shuffled_train
basic,0.5,200000,50000,0.5001159361453491,0.4989668385258892,0.5005,0.4985567671584349,0.4993775850299161,3.476576566696167,9551,kip_m4,2026-09-10T15:28:08.406223,shuffled_train
basic,0.75,300000,50000,0.5013170366271963,0.5116515682169481,0.50082,0.4989315423948714,0.5250371441191825,7.435701131820679,9551,kip_m4,2026-09-10T15:28:16.065865,shuffled_train
basic,1.0,400000,50000,0.4984845483857852,0.4840311986863711,0.49724,0.4950665491035815,0.4734770911135204,5.535974740982056,9551,kip_m4,2026-09-10T15:28:21.823141,shuffled_train
categorical,0.01,4000,50000,0.4998315582642108,0.4830482179426184,0.50018,0.4981228668941979,0.4688591735935429,4.313155651092529,9551,kip_m4,2026-09-10T15:28:26.352806,shuffled_train
categorical,0.1,40000,50000,0.5005507010904745,0.5083832923832924,0.49978,0.4979208378253504,0.5192948640726017,4.36163067817688,9551,kip_m4,2026-09-10T15:28:30.936070,shuffled_train
categorical,0.3,120000,50000,0.4976075719834316,0.4834080348698548,0.49748,0.4953022961870655,0.4720716379552664,5.367508411407471,9551,kip_m4,2026-09-10T15:28:36.521769,shuffled_train
categorical,0.5,200000,50000,0.4973391447424206,0.4823570705923647,0.49858,0.4964300892477688,0.4690599526161507,6.108691453933716,9551,kip_m4,2026-09-10T15:28:42.848959,shuffled_train
categorical,0.75,300000,50000,0.5013843288402401,0.5020233230339879,0.50038,0.4984561792415485,0.5056418905352769,4.9645676612854,9551,kip_m4,2026-09-10T15:28:48.033765,shuffled_train
categorical,1.0,400000,50000,0.5068373477321677,0.485968514715948,0.50434,0.5025740025740025,0.4704252499698831,7.751332998275757,9551,kip_m4,2026-09-10T15:28:56.001680,shuffled_train
tfidf,0.01,4000,50000,0.5041504968832402,0.3610637748515363,0.50508,0.5056772980400666,0.2807693852146328,6.845390558242798,9551,kip_m4,2026-09-10T15:29:03.063474,shuffled_train
tfidf,0.1,40000,50000,0.4996570684373711,0.5209623310648902,0.50022,0.4984227129337539,0.5456370718387343,8.528122901916504,9551,kip_m4,2026-09-10T15:29:11.829083,shuffled_train
tfidf,0.3,120000,50000,0.5005798871298528,0.5030633488648756,0.49874,0.4968666771110763,0.509416536160302,13.443023681640623,9551,kip_m4,2026-09-10T15:29:25.497982,shuffled_train
tfidf,0.5,200000,50000,0.5025374477997542,0.5096453509014163,0.5028,0.5008334948633456,0.5187728386138216,14.694164752960203,9551,kip_m4,2026-09-10T15:29:40.422063,shuffled_train
tfidf,0.75,300000,50000,0.5028485124826463,0.4990635006948221,0.50254,0.5006060606060606,0.497530418021925,25.46629023551941,9551,kip_m4,2026-09-10T15:30:06.120993,shuffled_train
tfidf,1.0,400000,50000,0.5069211921943958,0.5101572998181962,0.50424,0.5022372670324112,0.5183311247640846,21.566080808639526,9551,kip_m4,2026-09-10T15:30:27.925660,shuffled_train
basic,0.01,4000,50000,0.498380197214841,0.4828241123038811,0.49896,0.4968347707864213,0.4695819780749307,1.3993699550628662,9552,kip_m4,2026-09-10T15:30:37.935832,shuffled_train
basic,0.1,40000,50000,0.5017062168860714,0.5041302621127879,0.50056,0.4986447735396944,0.5097377825964743,1.839785099029541,9552,kip_m4,2026-09-10T15:30:39.991985,shuffled_train
basic,0.3,120000,50000,0.4977252457549397,0.4835237348950386,0.49908,0.4969691831630706,0.470786652210577,7.088021993637085,9552,kip_m4,2026-09-10T15:30:47.310025,shuffled_train
basic,0.5,200000,50000,0.4981714124717118,0.4956568837890429,0.49718,0.4952296961436703,0.4960848090591495,4.860562324523926,9552,kip_m4,2026-09-10T15:30:52.387331,shuffled_train
basic,0.75,300000,50000,0.5004219271518602,0.4973031717919819,0.50044,0.4984869880976397,0.496124964863671,4.547128915786743,9552,kip_m4,2026-09-10T15:30:57.153369,shuffled_train
basic,1.0,400000,50000,0.49852754743311,0.4795166213326135,0.49866,0.4964743314128472,0.4636790748102638,10.270872116088867,9552,kip_m4,2026-09-10T15:31:07.671276,shuffled_train
categorical,0.01,4000,50000,0.4982563817508733,0.5140121438580103,0.50056,0.4986971791095502,0.5302975545115046,4.339047908782959,9552,kip_m4,2026-09-10T15:31:12.227949,shuffled_train
categorical,0.1,40000,50000,0.4975603992732747,0.5006564551422319,0.49796,0.4960775811093152,0.5053206440991045,4.6513543128967285,9552,kip_m4,2026-09-10T15:31:17.097042,shuffled_train
categorical,0.3,120000,50000,0.499339671659153,0.5037841264809605,0.49908,0.4972038637519064,0.5105408986869052,2.6394362449646,9552,kip_m4,2026-09-10T15:31:19.956711,shuffled_train
categorical,0.5,200000,50000,0.5015992144752144,0.4997177191709008,0.50376,0.5018426274652735,0.4976107296309681,3.5551180839538574,9552,kip_m4,2026-09-10T15:31:23.737396,shuffled_train
categorical,0.75,300000,50000,0.4967948181479103,0.5084099662029395,0.49964,0.4977875254915541,0.5194956430952095,4.3339316844940186,9552,kip_m4,2026-09-10T15:31:28.288810,shuffled_train
categorical,1.0,400000,50000,0.4990202540505126,0.4952828294993777,0.49712,0.4951635560907084,0.4954021603822832,5.83353590965271,9552,kip_m4,2026-09-10T15:31:34.342222,shuffled_train
tfidf,0.01,4000,50000,0.4997428033280584,0.5060699079116744,0.50118,0.4992575804939043,0.5130707143717624,7.029136419296265,9552,kip_m4,2026-09-10T15:31:41.586889,shuffled_train
tfidf,0.1,40000,50000,0.5030763359123913,0.3498313593222998,0.50266,0.5013489208633094,0.2686423322491266,8.234883069992065,9552,kip_m4,2026-09-10T15:31:50.042988,shuffled_train
tfidf,0.3,120000,50000,0.5022800159242717,0.4767307974124395,0.5001,0.4979881035689293,0.4572139902822953,12.312949657440186,9552,kip_m4,2026-09-10T15:32:02.587551,shuffled_train
tfidf,0.5,200000,50000,0.4972010506634971,0.5311036040239646,0.49754,0.496164039615009,0.5713367867325222,12.799651622772217,9552,kip_m4,2026-09-10T15:32:15.613785,shuffled_train
tfidf,0.75,300000,50000,0.5058094978585046,0.5061816452686638,0.50152,0.4995893464742461,0.5129502469581978,18.941941738128666,9552,kip_m4,2026-09-10T15:32:34.792245,shuffled_train
tfidf,1.0,400000,50000,0.502533344537982,0.5043259838124476,0.50272,0.5007720020586721,0.5079307713930049,25.869999408721924,9552,kip_m4,2026-09-10T15:33:00.895955,shuffled_train
basic,0.01,4000,50000,0.4980825697875261,0.4923953220626553,0.49738,0.4982423152387181,0.4866839688560591,1.3794245719909668,9552,kip_m6,2026-09-10T15:37:54.027911,shuffled_train
basic,0.1,40000,50000,0.5012035574995263,0.4473888629957609,0.50202,0.5036478113132121,0.4024356158913955,1.7572991847991943,9552,kip_m6,2026-09-10T15:37:56.002145,shuffled_train
basic,0.3,120000,50000,0.4963312169131428,0.4847803881511747,0.4956,0.4963396778916544,0.473747254941106,5.939839124679565,9552,kip_m6,2026-09-10T15:38:02.162881,shuffled_train
basic,0.5,200000,50000,0.497787594431806,0.528445813918533,0.49804,0.4990595833776926,0.5615092832900779,5.260998964309692,9552,kip_m6,2026-09-10T15:38:07.644589,shuffled_train
basic,0.75,300000,50000,0.500901923722233,0.4807308970099668,0.49984,0.5008003460956089,0.4622080255540028,4.283665657043457,9552,kip_m6,2026-09-10T15:38:12.147082,shuffled_train
basic,1.0,400000,50000,0.5030343002311327,0.4915271518587247,0.5013,0.5022922397265983,0.481213815132761,8.352017164230347,9552,kip_m6,2026-09-10T15:38:20.718783,shuffled_train
categorical,0.01,4000,50000,0.5033462220417594,0.5033893899098162,0.5033,0.5042060567216792,0.5025753643441805,4.341491937637329,9552,kip_m6,2026-09-10T15:38:25.283964,shuffled_train
categorical,0.1,40000,50000,0.5014098853680286,0.4983937033170026,0.50036,0.5012722646310432,0.495548013575564,1.8488945960998533,9552,kip_m6,2026-09-10T15:38:27.354325,shuffled_train
categorical,0.3,120000,50000,0.4980549184979359,0.5012506451740978,0.49752,0.4984405227209917,0.5040926332601318,2.5441956520080566,9552,kip_m6,2026-09-10T15:38:30.116836,shuffled_train
categorical,0.5,200000,50000,0.4980783865739725,0.5060392403323055,0.49698,0.4979514533085962,0.5143940906368537,6.096013784408569,9552,kip_m6,2026-09-10T15:38:36.435601,shuffled_train
categorical,0.75,300000,50000,0.5005348329328587,0.4999098792381791,0.50058,0.5014866602378656,0.4983429826312637,6.984087705612183,9552,kip_m6,2026-09-10T15:38:43.634827,shuffled_train
categorical,1.0,400000,50000,0.503579489197545,0.5256939665060794,0.5038,0.5043098705204856,0.5489718506687962,5.170552730560303,9552,kip_m6,2026-09-10T15:38:49.034924,shuffled_train
tfidf,0.01,4000,50000,0.4996761741508042,0.6182636104905591,0.50104,0.5012032052395247,0.8066679976043123,8.156689882278442,9552,kip_m6,2026-09-10T15:38:57.433689,shuffled_train
tfidf,0.1,40000,50000,0.4988835931828419,0.2878281081693973,0.49752,0.4961399394117072,0.2027151127969654,7.460224151611328,9552,kip_m6,2026-09-10T15:39:05.115285,shuffled_train
tfidf,0.3,120000,50000,0.4958219928632568,0.4993927810627326,0.4971,0.4980146124523507,0.5007785985226593,12.477455377578735,9552,kip_m6,2026-09-10T15:39:17.818041,shuffled_train
tfidf,0.5,200000,50000,0.498845923460792,0.3522197315194146,0.49718,0.4965131483364812,0.2729087642243961,14.274706602096558,9552,kip_m6,2026-09-10T15:39:32.319366,shuffled_train
tfidf,0.75,300000,50000,0.5023059834713864,0.5185585516030033,0.50114,0.5019055447616201,0.5363545617887802,17.5202476978302,9552,kip_m6,2026-09-10T15:39:50.072938,shuffled_train
tfidf,1.0,400000,50000,0.4967175341648107,0.4976456504389465,0.49644,0.4973479561316052,0.4979437013375923,21.851630687713623,9552,kip_m6,2026-09-10T15:40:12.164166,shuffled_train
basic,0.01,4000,50000,0.499793044129463,0.4734468515552558,0.50028,0.5013165528629446,0.448512677181074,1.5373637676239014,9551,kip_m6,2026-09-10T15:35:36.855127,shuffled_train
basic,0.1,40000,50000,0.4976114058609549,0.5069231374400126,0.4986,0.4995154850963215,0.5145538031543222,1.6092143058776855,9551,kip_m6,2026-09-10T15:35:38.680812,shuffled_train
basic,0.3,120000,50000,0.5024969480901118,0.4687266437463964,0.50242,0.5038101358795446,0.4382112198043522,2.418593645095825,9551,kip_m6,2026-09-10T15:35:41.315188,shuffled_train
basic,0.5,200000,50000,0.496603052193889,0.5228256741359666,0.49744,0.4984971935542278,0.5496506288680375,3.21105694770813,9551,kip_m6,2026-09-10T15:35:44.748222,shuffled_train
basic,0.75,300000,50000,0.4982526063384445,0.5124385869141387,0.49984,0.5007048424581857,0.5247354761429427,4.293878555297852,9551,kip_m6,2026-09-10T15:35:49.260217,shuffled_train
basic,1.0,400000,50000,0.5037676938073279,0.4521432506887052,0.50282,0.5045745204131825,0.4095827510481133,8.058227062225342,9551,kip_m6,2026-09-10T15:35:57.536698,shuffled_train
categorical,0.01,4000,50000,0.5026928831249413,0.5227582761734586,0.50322,0.5038145322568699,0.543182271910561,2.291389226913452,9551,kip_m6,2026-09-10T15:36:00.045099,shuffled_train
categorical,0.1,40000,50000,0.5024543071519552,0.5062835915270313,0.50028,0.5011540116574736,0.5115192653224196,2.336616516113281,9551,kip_m6,2026-09-10T15:36:02.603025,shuffled_train
categorical,0.3,120000,50000,0.4986750445071442,0.5019795086043967,0.49934,0.5002379064234734,0.5037332800958275,5.630544185638428,9551,kip_m6,2026-09-10T15:36:08.452594,shuffled_train
categorical,0.5,200000,50000,0.5079526721666578,0.5069192422731804,0.50544,0.5063134833698466,0.5075264523857057,6.171223402023315,9551,kip_m6,2026-09-10T15:36:14.845240,shuffled_train
categorical,0.75,300000,50000,0.5015453490069308,0.5059833144176971,0.50378,0.5046469139725157,0.5073268117388701,5.607488632202148,9551,kip_m6,2026-09-10T15:36:20.698156,shuffled_train
categorical,1.0,400000,50000,0.4991912605796842,0.5259620678526,0.50062,0.5013754162443897,0.5530844479936114,5.158022403717041,9551,kip_m6,2026-09-10T15:36:26.076179,shuffled_train
tfidf,0.01,4000,50000,0.4974040019889663,0.4853713273898989,0.5001,0.5010627444312192,0.4706328608504692,5.475665330886841,9551,kip_m6,2026-09-10T15:36:31.766916,shuffled_train
tfidf,0.1,40000,50000,0.4984587990065087,0.4537987679671458,0.49992,0.5009887618772007,0.4147334797364743,5.958804368972778,9551,kip_m6,2026-09-10T15:36:37.947891,shuffled_train
tfidf,0.3,120000,50000,0.5015271161478564,0.5471502590673575,0.50182,0.5022696929238986,0.6008384907167099,11.40445327758789,9551,kip_m6,2026-09-10T15:36:49.583768,shuffled_train
tfidf,0.5,200000,50000,0.5022627961314594,0.4584558423173255,0.5027,0.5043124101581217,0.4202435615891395,11.92030429840088,9551,kip_m6,2026-09-10T15:37:01.730091,shuffled_train
tfidf,0.75,300000,50000,0.5010775834913705,0.5571964244459846,0.50166,0.502049574072888,0.6259532840886405,19.396541595458984,9551,kip_m6,2026-09-10T15:37:21.359867,shuffled_train
tfidf,1.0,400000,50000,0.5010512538060623,0.5117697661687651,0.50056,0.5013983067080412,0.5225793571571172,22.353073120117188,9551,kip_m6,2026-09-10T15:37:43.950228,shuffled_train
basic,0.01,4000,50000,0.5041548737491313,0.5516670565161848,0.50166,0.4997717937015061,0.6155884833152632,1.829841136932373,9550,kip_m4,2026-09-10T15:10:12.914027,ordered
basic,0.1,40000,50000,0.4987845569022335,0.4753438443475344,0.49952,0.4973456763041284,0.4552062000562181,1.7506296634674072,9550,kip_m4,2026-09-10T15:10:14.882030,ordered
basic,0.3,120000,50000,0.5003244808848651,0.4763839725195317,0.50002,0.4978984238178634,0.4566518090189937,2.52413272857666,9550,kip_m4,2026-09-10T15:10:17.623581,ordered
basic,0.5,200000,50000,0.5006934744398416,0.5453090618123625,0.49994,0.4983380974539653,0.6020559771915031,3.2374987602233887,9550,kip_m4,2026-09-10T15:10:21.085712,ordered
basic,0.75,300000,50000,0.502896724408448,0.4756558259291307,0.5031,0.5012900355871887,0.4525157611532747,4.584946632385254,9550,kip_m4,2026-09-10T15:10:25.894913,ordered
basic,1.0,400000,50000,0.5092633738545354,0.4915261209378856,0.50556,0.503815828308808,0.4798217082279243,6.454304218292236,9550,kip_m4,2026-09-10T15:10:32.569466,ordered
categorical,0.01,4000,50000,0.4995010316883315,0.465894025574135,0.50044,0.4982847733613868,0.4374573344576958,1.8715040683746336,9550,kip_m4,2026-09-10T15:10:34.658261,ordered
categorical,0.1,40000,50000,0.5030707918289286,0.5122801519840182,0.50196,0.5000191168036704,0.5251576115327471,4.641390085220337,9550,kip_m4,2026-09-10T15:10:39.523210,ordered
categorical,0.3,120000,50000,0.4990855326332425,0.5017906884202149,0.4992,0.4972985763300075,0.5063646950166647,2.990478754043579,9550,kip_m4,2026-09-10T15:10:42.758619,ordered
categorical,0.5,200000,50000,0.4970612741592457,0.4968533290576021,0.49792,0.4959785522788204,0.4977311970445328,3.3301339149475098,9550,kip_m4,2026-09-10T15:10:46.308586,ordered
categorical,0.75,300000,50000,0.5005226566682826,0.5006766438465212,0.4982,0.4963109094495956,0.5051198650764968,7.018160581588745,9550,kip_m4,2026-09-10T15:10:53.542702,ordered
categorical,1.0,400000,50000,0.5039653484959423,0.5018684678563577,0.50146,0.4995226350544992,0.5042364373770228,12.541151285171509,9550,kip_m4,2026-09-10T15:11:06.325416,ordered
tfidf,0.01,4000,50000,0.5022100628711705,0.5634425060442141,0.49802,0.4969929426204357,0.6504035658354416,4.495869398117065,9550,kip_m4,2026-09-10T15:11:11.038312,ordered
tfidf,0.1,40000,50000,0.501984902681519,0.4982632265836763,0.50022,0.4982732310657778,0.4982532225033128,9.062079906463625,9550,kip_m4,2026-09-10T15:11:20.321341,ordered
tfidf,0.3,120000,50000,0.5024509344973483,0.4910370794794139,0.50256,0.5006467765491341,0.48178934264948,14.782554626464844,9550,kip_m4,2026-09-10T15:11:35.336962,ordered
tfidf,0.5,200000,50000,0.499224689928172,0.49203805505406,0.49918,0.4971714355989177,0.4870095972372806,12.882878541946411,9550,kip_m4,2026-09-10T15:11:48.450052,ordered
tfidf,0.75,300000,50000,0.5005682061540028,0.49185992154631,0.49998,0.497983373117129,0.4858852347106774,21.09190607070923,9550,kip_m4,2026-09-10T15:12:09.808944,ordered
tfidf,1.0,400000,50000,0.5046961890983093,0.5100907973514135,0.50576,0.5037393789889972,0.5166044251696583,22.5835862159729,9550,kip_m4,2026-09-10T15:12:32.624146,ordered
