group,path,bytes,sha256,git_blob,source_commit
generated-figures,Bert_att_results/aggregate_false_compliant_pred0.png,91917,10a6ac6772e5fa23e04774e24f6353c351d0375a29f8924fede82165804dd45a,79c2a1817ec2957cdaec1a132260a5626060d526,0743bcf223022664a3885058c909814fe8669ce4
generated-figures,Bert_att_results/aggregate_false_compliant_pred1.png,83074,4fd21e6708c7a96cbe112230244e8bb1d2def48b8c07425b28962a80160b9888,6787c4085fcba56da32f84d422c13de89f641536,0743bcf223022664a3885058c909814fe8669ce4
generated-figures,Bert_att_results/aggregate_true_compliant_pred0.png,83046,29c84b88e52f7a276a51eebb91d6e63e4e3c690e2c7212f0e81e27164d916da4,464c882b646d3b4d1872a6f3bfead67f3c521450,0743bcf223022664a3885058c909814fe8669ce4
generated-figures,Bert_att_results/aggregate_true_compliant_pred1.png,85318,43d7d365f956648d268637d646f7fd27e3a1ec896416a693621e93dbb638b0b2,92bbab6059737f69789a16faf3b23409db769fdd,0743bcf223022664a3885058c909814fe8669ce4
generated-figures,Bert_att_results/comparison_true_compliant_correct_vs_missed.png,68413,9740a4d655236d7c02ecfd97cfd5e9d4e405b504d22a26206d96d099a01ce3a4,4660987013efec8488c7d1699571b2b609b854be,0743bcf223022664a3885058c909814fe8669ce4
generated-figures,Bert_att_results/comparison_true_vs_false_compliant_pred1.png,68421,8155213ad90a8cab50be9f17caee9a8a8f8ea1078a8b68bf770b1c6420b016c3,329a8e05bf948b81eec54943ccd25cdb8547c438,0743bcf223022664a3885058c909814fe8669ce4
generated-figures,Bert_att_results/false_compliant_pred0/heatmap_seq0_layer1_head12.png,56694,256bd587333fbdac8722dfb2aebc762c9d3013b8b5839ca3bac5b678d99be4c0,77e31a30d8296453432d5f6b482816b37e797ac3,0743bcf223022664a3885058c909814fe8669ce4
generated-figures,Bert_att_results/false_compliant_pred0/heatmap_seq0_layer2_head1.png,55223,ae57c25154f64b0d3196600dc78876f622d8090efcec710d5fc5e779e771e627,65677f32d562f9e3ccd16c30933566ad12feee0a,0743bcf223022664a3885058c909814fe8669ce4
generated-figures,Bert_att_results/false_compliant_pred0/heatmap_seq0_layer3_head4.png,65101,e1d5645322e2dc2485ca2f615a9032bd5fd494ca8d07abf5fd9fbb71f5984b0f,ec7bfba101b2ed24511233de64ef64624821b530,0743bcf223022664a3885058c909814fe8669ce4
generated-figures,Bert_att_results/false_compliant_pred0/heatmap_seq0_layer4_head2.png,58184,d4270ec2971a704f8362d769bc4b5f1d6d56d4adf918751662c89087128e9ce1,d65cbe34aa203580fb7eb1c8f45ca5e136a06254,0743bcf223022664a3885058c909814fe8669ce4
generated-figures,Bert_att_results/false_compliant_pred0/heatmap_seq0_layer6_head5.png,57200,58f9f51311efc770d573b2f453f8fc252118864cf7a9b604619e30dddd3909d4,c46ebdb20f5d5e4f6dc565c14b2580c801b67375,0743bcf223022664a3885058c909814fe8669ce4
generated-figures,Bert_att_results/false_compliant_pred0/heatmap_seq0_layer7_head9.png,56114,bc0cb07e40224a2e122e9fce7a4c070f6658fd695124a39cf8c4bd80f441bdf7,039ceff9f63653f3fe636b3c109065aa6598ce2c,0743bcf223022664a3885058c909814fe8669ce4
generated-figures,Bert_att_results/false_compliant_pred0/heatmap_seq0_layer9_head2.png,62236,f5357357951d0a99dd4b59cafd69ea5a9f4523eaf0c7f486489681ca79ab97de,d47d11bda2ec44fdc0999dde3950923377ce887c,0743bcf223022664a3885058c909814fe8669ce4
generated-figures,Bert_att_results/false_compliant_pred0/heatmap_seq2_layer10_head12.png,61733,1f7aa617209fa7fcc23863a8682b282561c4d4df2c660086108e87b2b86110d2,50fa71bf280e865a85be0c2b6853dcbc8f3b6e4b,0743bcf223022664a3885058c909814fe8669ce4
generated-figures,Bert_att_results/false_compliant_pred0/heatmap_seq2_layer11_head11.png,64533,c84c22ea3d95cdf06a9a60ba873cef2322e9d7ec1e16f205a0154d7e364d971d,4b8db296caad5fac301c78bfacc32292d1f48e55,0743bcf223022664a3885058c909814fe8669ce4
generated-figures,Bert_att_results/false_compliant_pred0/heatmap_seq2_layer12_head8.png,64835,b5b2356f955905895d2e1be5ef87af96928bfe37b2ca6b94241d95fb1f43ccb2,6b968e934f8a944a397ca828b769b17cc2536a61,0743bcf223022664a3885058c909814fe8669ce4
generated-figures,Bert_att_results/false_compliant_pred0/heatmap_seq2_layer1_head10.png,61412,6ebe96b00c0e6f17d478ab076cc9c69e1a95a65825ab1ca526eb3960019502a3,97635aa5d8701cc848f213a4fb981c9b5537d2e2,0743bcf223022664a3885058c909814fe8669ce4
generated-figures,Bert_att_results/false_compliant_pred0/heatmap_seq2_layer2_head3.png,64647,f8c4d18a6787548c628c6636297cbfacc0f70d7d46545b49c087d298e0c57efa,25820ce9d3410bf0be6dd59f2a6675559dfa7dcc,0743bcf223022664a3885058c909814fe8669ce4
generated-figures,Bert_att_results/false_compliant_pred0/heatmap_seq2_layer3_head8.png,68947,ee14de6368ec8b266ab2b23ed9d2bdd15d33aca3f0d58d8e60197c3a2374fa50,f068e44a2eea596fa148914cb057f17e3c56ab01,0743bcf223022664a3885058c909814fe8669ce4
generated-figures,Bert_att_results/false_compliant_pred1/heatmap_seq2_layer11_head11.png,58219,3d5ba39c43cdb9c8078f43d01b43ea0e806f6b86ea63cc053037a4fe971bb96d,8f72be82b5652b4597be3e563836858aac9dec3e,0743bcf223022664a3885058c909814fe8669ce4
generated-figures,Bert_att_results/false_compliant_pred1/heatmap_seq2_layer12_head6.png,62088,c26c2e5ee9899352b78dd27aab7c693ddc3c9164d7d33b1ca9e794ffef786bfd,2530cd2428b7da362339e9aa185f93471cc8c6ff,0743bcf223022664a3885058c909814fe8669ce4
generated-figures,Bert_att_results/false_compliant_pred1/heatmap_seq2_layer1_head6.png,60936,b121406f23b16362c76588551bb327aabc78e96bab3fefa8e4e9d5dd40b96d26,0ed8345a9e0f59c256a5b009648dd77f88310309,0743bcf223022664a3885058c909814fe8669ce4
generated-figures,Bert_att_results/false_compliant_pred1/heatmap_seq2_layer2_head1.png,60668,24afe0dbb75b778f7d5fb4bb160b761a13e998f85b0467c2fddf54cd6216aec6,e2a03fe56fc891c9acd3b0598ffe36ab3a35f5cf,0743bcf223022664a3885058c909814fe8669ce4
generated-figures,Bert_att_results/false_compliant_pred1/heatmap_seq2_layer3_head7.png,61520,516efdce082346eb52856288dc9c8e5ec830457137292582bb941d56c1150ac0,9d0d99e5813c2dcb1488ff88f50fb001157873f9,0743bcf223022664a3885058c909814fe8669ce4
generated-figures,Bert_att_results/false_compliant_pred1/heatmap_seq2_layer4_head2.png,60003,af46f86722a289a0af1e10bab122ac8df9ad1a5fe4aa04d3bb29942dc017bed9,90a749c03f5cd3d99c13fbbb1b1930785768d017,0743bcf223022664a3885058c909814fe8669ce4
generated-figures,Bert_att_results/false_compliant_pred1/heatmap_seq2_layer5_head4.png,57446,1aed25dc5b2fc62b5945ef997c5a4e75c5279d8c8edd3420be62b61ac7dd79e3,4b108539024aadbb44fa99815e1e88633ee9878a,0743bcf223022664a3885058c909814fe8669ce4
generated-figures,Bert_att_results/false_compliant_pred1/heatmap_seq2_layer6_head6.png,62368,e6f21d4f2c01ff2b6c5768b6070a887b2b8e01883cac1f6e9db189e0f22f5582,813901a08e4d26d4c16b9ed6c4daff338469479e,0743bcf223022664a3885058c909814fe8669ce4
generated-figures,Bert_att_results/false_compliant_pred1/heatmap_seq2_layer7_head9.png,58503,d667b7a4fb11b64670342f48499be2d2d84e5293db48e9d93328f07b3252d585,b60e7938b773a94b6f407fd10af1f771e9fc6a83,0743bcf223022664a3885058c909814fe8669ce4
generated-figures,Bert_att_results/false_compliant_pred1/heatmap_seq2_layer9_head3.png,60726,a0336d24b9355d90c7f75f2315e209cdcb3dd4803a38e6944c225c28fa9d1012,aa2a95a9b9045f5aed830225ab0bd108c21047b0,0743bcf223022664a3885058c909814fe8669ce4
generated-figures,Bert_att_results/layer_summary_false_compliant_pred0.png,57470,cc0356464ddf19995542f04956e72cdbe09c9a1d5eafed40fd92b0221b1d9b89,18d1d5eb095b2866fa5c2a9ac6cc2730640d3630,0743bcf223022664a3885058c909814fe8669ce4
generated-figures,Bert_att_results/layer_summary_false_compliant_pred1.png,57525,8ee646c481ec5bf886b9a88db48b566a602e00d73ebd5d8f7833699632cfbbf2,deea6ed6372cd5e269d58303a3aad8ff49f14624,0743bcf223022664a3885058c909814fe8669ce4
generated-figures,Bert_att_results/layer_summary_true_compliant_pred0.png,57391,779a1103dda7a88ef07dd83b1f080d62906786b66e991b371ac24d8b4a4eb7a7,4f751457ad06f5873cf6d3324fcbb504876d70ae,0743bcf223022664a3885058c909814fe8669ce4
generated-figures,Bert_att_results/layer_summary_true_compliant_pred1.png,57490,f947d8c10c3bf099515ab75a6937a6f95fa18b8f2cbe079d87f0cb7da66dc8be,c883b8a62338c4c579127836692b17d80378ac7d,0743bcf223022664a3885058c909814fe8669ce4
generated-figures,Bert_att_results/true_compliant_pred0/heatmap_seq0_layer12_head8.png,64359,5763a138c044f0e4be600fc0de1749aeba2a77136886bc8fe857b6ddd9a2f782,b1e0c0c4e634620f06663fea356eaf0bd572ee60,0743bcf223022664a3885058c909814fe8669ce4
generated-figures,Bert_att_results/true_compliant_pred0/heatmap_seq0_layer1_head2.png,67021,d3f381d5befea8ba93cfdf8b62aadf3622aab3af4d434c609a6172582f1ac4f0,50c691a3aa92b9a05a1cc69a0f6549d68f172e44,0743bcf223022664a3885058c909814fe8669ce4
generated-figures,Bert_att_results/true_compliant_pred0/heatmap_seq0_layer2_head6.png,60400,39495bfaf17eb9ca1c1fcf40c5e18454b609bf4ddcf146f5be18e7d5f87b480c,7f4d648ef017c20c766c44615e39e3bb96a4941c,0743bcf223022664a3885058c909814fe8669ce4
generated-figures,Bert_att_results/true_compliant_pred0/heatmap_seq0_layer3_head12.png,64599,de1d15c950105cbb23c182d3dcf293c28400991319b71309cd4d470c30771676,e7d6772aca3ed75d74b00781719c6469c73bcb0d,0743bcf223022664a3885058c909814fe8669ce4
generated-figures,Bert_att_results/true_compliant_pred0/heatmap_seq0_layer4_head9.png,66770,f728506c2fa585a4625ece26699aeabdcde5351109437096eb24fc6809ddb0c1,57a440e0bb5b081aa45951ced9ec393967fa9768,0743bcf223022664a3885058c909814fe8669ce4
generated-figures,Bert_att_results/true_compliant_pred0/heatmap_seq0_layer5_head2.png,62033,57905f7fb87060b84f83110b7046ae5602ebe540543e62c6229c2e940e4a92eb,7c323df19b7b41715c3266f850c7c7dd70d190ad,0743bcf223022664a3885058c909814fe8669ce4
generated-figures,Bert_att_results/true_compliant_pred0/heatmap_seq0_layer7_head9.png,64238,abe1b78ca40d1eae3ad738ddbf003d9f010c0a2074828f0b295776193e179f1e,8c845810366a400547b2e379601608fc2926144d,0743bcf223022664a3885058c909814fe8669ce4
generated-figures,Bert_att_results/true_compliant_pred0/heatmap_seq0_layer9_head2.png,63594,f0fa0d7f22c6e8290fd1a61ac06e0c3a871688eaf8d71378301c5c0b1e4a3c1d,63f066fe38eeeaa251c6b01d6df9f533767b9f2a,0743bcf223022664a3885058c909814fe8669ce4
generated-figures,Bert_att_results/true_compliant_pred0/heatmap_seq1_layer11_head11.png,60967,6868b5e63f8ffea9f58ac49c8b7bd7df9199e827f84dcb03acda30aefc9ae139,114f0731704f5c9bb7b730adfe7989a0c59f8def,0743bcf223022664a3885058c909814fe8669ce4
generated-figures,Bert_att_results/true_compliant_pred0/heatmap_seq1_layer12_head6.png,62465,9796ea1b5a6b67702f1363427ef3a6cd7f9f57899c215ed6b5189ac3ae3b4aa9,f44f056c22bfd2ede89d3670654d3e4f6b0c3e95,0743bcf223022664a3885058c909814fe8669ce4
generated-figures,Bert_att_results/true_compliant_pred0/heatmap_seq1_layer1_head10.png,61354,17cb8cdb196ebc2aeaea840009b34b6aaafc50a94452871531d92642e4f9534a,abac9562b5c2a5245cdafc75009cbf464c686002,0743bcf223022664a3885058c909814fe8669ce4
generated-figures,Bert_att_results/true_compliant_pred0/heatmap_seq1_layer2_head6.png,59969,65e7683beb479243aa864288a8ce30a678f988820791c76741b116f26b62507b,04899bd03a5d296ada18df35d887c260819671f1,0743bcf223022664a3885058c909814fe8669ce4
generated-figures,Bert_att_results/true_compliant_pred0/heatmap_seq1_layer3_head7.png,59719,fc8941f68541c0a7c5197bcdeb25c753bf51fd4eefdfdb906e94f38d8576466e,98203f3029b953c7ba9024443721e209121cd9f1,0743bcf223022664a3885058c909814fe8669ce4
generated-figures,Bert_att_results/true_compliant_pred0/heatmap_seq1_layer4_head2.png,61787,044b697b794bd5f0c784b3d2165bf697415f1ec1a53d6a599c1396af0f235741,5e5447e6adc7c4965a6145f6b502d15629265dc8,0743bcf223022664a3885058c909814fe8669ce4
generated-figures,Bert_att_results/true_compliant_pred0/heatmap_seq1_layer5_head4.png,58748,f6facdfc222bc13553d7fbc38a2da77e3b66c08cb371eb6934d6f482c379d4b1,1422f488c8835b559ff2e95f82743d47445baec8,0743bcf223022664a3885058c909814fe8669ce4
generated-figures,Bert_att_results/true_compliant_pred0/heatmap_seq1_layer6_head6.png,66002,79897fdc7336ca5cb38396a7e6d2270970ae6098ee41e180c532e91251022fad,da5e609900b4ebd14f6bdff2e8a73aad5e4bd2a0,0743bcf223022664a3885058c909814fe8669ce4
generated-figures,Bert_att_results/true_compliant_pred0/heatmap_seq1_layer7_head1.png,58680,0b9caa483b97b6a637c02d1387e1751cd15760114188ccead159101a5fd4d878,7863624ccb3fcbe3390cb87404288ba976e59a5c,0743bcf223022664a3885058c909814fe8669ce4
generated-figures,Bert_att_results/true_compliant_pred0/heatmap_seq1_layer9_head2.png,62952,495f8044843ee09792b36571e465ac2d192ef3df2e8b7cfbf530612957bc4249,7c2ec777986c0bcf0b7ee2bf465c8bb7df92065f,0743bcf223022664a3885058c909814fe8669ce4
generated-figures,Bert_att_results/true_compliant_pred0/heatmap_seq2_layer10_head12.png,61577,631ef9cb791b0262b036d3d972b9e1b43a5eb339e11e22ae68fcc77df17fcbcc,21d47ae41630d700b28fc21595fb32d6c421642b,0743bcf223022664a3885058c909814fe8669ce4
generated-figures,Bert_att_results/true_compliant_pred0/heatmap_seq2_layer11_head11.png,57432,303ec121e981a9f79394bb72c0caf3fbf963150c557b4a17002b4cbec565ac9b,11e460fcce9ea53b63c3d59489e5079500be6246,0743bcf223022664a3885058c909814fe8669ce4
generated-figures,Bert_att_results/true_compliant_pred0/heatmap_seq2_layer12_head8.png,62887,dfd363d97e9bde05346a8e447c667fc34f7da5566cca3f1f5f9c0a089c504b16,aac06bedf02f72d848a59ecacf89ab80b7bc551a,0743bcf223022664a3885058c909814fe8669ce4
generated-figures,Bert_att_results/true_compliant_pred0/heatmap_seq2_layer1_head10.png,60824,7bdc219c191be09b915ba26d794f9566843399ff428c83e2eb75885ceac7772e,27817601b25360f22685c6b536a97b4fa716d5f7,0743bcf223022664a3885058c909814fe8669ce4
generated-figures,Bert_att_results/true_compliant_pred0/heatmap_seq2_layer2_head8.png,59227,ba653ea0909f4ada401bb5d2dfb50b641d1a6493976cdd541b26fbae0da06c1c,3e092bb4b716b45d73007012fce3bca04fc09c4d,0743bcf223022664a3885058c909814fe8669ce4
generated-figures,Bert_att_results/true_compliant_pred0/heatmap_seq2_layer3_head11.png,59857,f86d3bb6e3ad1d1aa681844198b800556ce8a5095815a21a2a22a95eedf760b1,071942e2819f38ad1f569123e5dbdbdee1601fd3,0743bcf223022664a3885058c909814fe8669ce4
generated-figures,Bert_att_results/true_compliant_pred0/heatmap_seq2_layer4_head5.png,60814,76ad6937e36eb4f7f2e9f5bceb20668a497c040998d8cf9e281d95e7e1a41643,8131d088dc11bc2a843423d5eeec9f28f4cea5fa,0743bcf223022664a3885058c909814fe8669ce4
generated-figures,Bert_att_results/true_compliant_pred0/heatmap_seq2_layer9_head3.png,58432,acd39436f6a75c476e40dc00e8645dff115666743ef3c4724ada5e1c9703f1bd,b81f0566087e60fe84e68578a02645e4e91429ae,0743bcf223022664a3885058c909814fe8669ce4
generated-figures,Bert_att_results/true_compliant_pred1/heatmap_seq0_layer10_head10.png,56663,0e275b3904153d99a05e9466eb0d40d222c5b28936407ce5f96d11d8fefd775a,a55514a6881e0dd07db0174abbe2a6dfd5fb5e8f,0743bcf223022664a3885058c909814fe8669ce4
generated-figures,Bert_att_results/true_compliant_pred1/heatmap_seq0_layer11_head11.png,62311,e7264d327c7cc128b16d989ab2e208718c707018e7ff0712d0ab119b27b5e10b,594058b91c8b8b8b6b85acfd25ba02785c6df4ee,0743bcf223022664a3885058c909814fe8669ce4
generated-figures,Bert_att_results/true_compliant_pred1/heatmap_seq0_layer12_head8.png,63882,123c56a71baceef286fcb1d567fbef1776bce4101f9a547890a6c2f579b70fa5,cd23a0d8c293cb2ed07f53b81a087686a103160f,0743bcf223022664a3885058c909814fe8669ce4
generated-figures,Bert_att_results/true_compliant_pred1/heatmap_seq0_layer1_head10.png,61019,e8e4af4da8af076d4190aa0c3cd197537128675a8ba3d4a88acac40252b4a0de,2e9e19d3f9f92b9cecf5f240a287db2e5bd94ea2,0743bcf223022664a3885058c909814fe8669ce4
generated-figures,Bert_att_results/true_compliant_pred1/heatmap_seq0_layer2_head6.png,56948,597076842f94ee0fcdae999613e60c50c9bd5c14dbf15da7b2526779212883e1,28a65e609b0490b48abbb59bbfec971d24b0ca26,0743bcf223022664a3885058c909814fe8669ce4
generated-figures,Bert_att_results/true_compliant_pred1/heatmap_seq0_layer3_head8.png,56674,8e5f99b4d526fc16898e0ef7c56d92b4bfc0ef0b515246445d2a12ba74199403,35d83d9228b84d590cc73a690b2571c7a2b0afa9,0743bcf223022664a3885058c909814fe8669ce4
generated-figures,Bert_att_results/true_compliant_pred1/heatmap_seq0_layer4_head9.png,63368,8229f33b5cd6209791cd8592c3648a5e58d6c8c40a2d824565f685b591514932,3ad3cc470241ff2864cc5b02190b0720d5f7dffe,0743bcf223022664a3885058c909814fe8669ce4
generated-figures,Bert_att_results/true_compliant_pred1/heatmap_seq0_layer5_head5.png,65217,eef88c21fc9b3c32cbef082ace31f517a96a6ffdeaf9f1a6fbb9662ef8006cda,46ffa7f4b0bd96ea4ecbb5a8e7125b5f0fc1a127,0743bcf223022664a3885058c909814fe8669ce4
generated-figures,Bert_att_results/true_compliant_pred1/heatmap_seq0_layer6_head3.png,63827,b47d23376e0337e3e1d0de9d249056ed925cd7b98f3ac1d19b0d312b7fea8e80,4ba2314d5d9f105ab3f4d857b717d36376123a66,0743bcf223022664a3885058c909814fe8669ce4
generated-figures,Bert_att_results/true_compliant_pred1/heatmap_seq0_layer7_head9.png,62054,c3d0892f407bc8f9f9aaff0f40c98e780b6085d2139e6c5eec4dc2b228d5d57b,33b3961a6dfba283ac73026f35ad1925736e8773,0743bcf223022664a3885058c909814fe8669ce4
generated-figures,Bert_att_results/true_compliant_pred1/heatmap_seq0_layer9_head3.png,58804,5a0b26e2d82cd8593d5629555309577cea814683d011da3493c6353c9bf4c69f,58e26b718952e0341996364410990036911f42de,0743bcf223022664a3885058c909814fe8669ce4
generated-figures,Bert_att_results/true_compliant_pred1/heatmap_seq1_layer10_head10.png,64855,18b20b773ad1019f203d51674e779a6d1f9d7f430cd77f57668de352c103e954,6385e9052d8380a030f2be09306def7d4c139be1,0743bcf223022664a3885058c909814fe8669ce4
generated-figures,Bert_att_results/true_compliant_pred1/heatmap_seq1_layer11_head11.png,62416,3b140fbf4f2afb87689c58c2fdcd1e56dece54c9062c14fcdde961de5f7cad17,d83b2caae0b627135fc4b26684ecd895344f1e71,0743bcf223022664a3885058c909814fe8669ce4
generated-figures,Bert_att_results/true_compliant_pred1/heatmap_seq1_layer12_head6.png,68009,39daf959bf39fb51d10d2f9005e4d5631eb5474dedd81db17fb93b41647768f5,fa661aa5ad3987652916b9423bcd02124b1631ca,0743bcf223022664a3885058c909814fe8669ce4
generated-figures,Bert_att_results/true_compliant_pred1/heatmap_seq1_layer1_head2.png,63466,8478c07dc428e12c001143441de00503eb00484d096a4603357b7224f7581668,c8e735367a4366e7537dd610047459e8303a2f39,0743bcf223022664a3885058c909814fe8669ce4
generated-figures,Bert_att_results/true_compliant_pred1/heatmap_seq1_layer2_head6.png,59135,461abc909252b377b4367fbde23203705676ddfb06e16d18bb9cc4c5ed670fc1,68871fe15c5143ad2184eb1da67da1c0a5fbeb65,0743bcf223022664a3885058c909814fe8669ce4
generated-figures,Bert_att_results/true_compliant_pred1/heatmap_seq1_layer3_head12.png,62693,c17be76b71c6ad4dd5663d0ff045417b9d081193efe7cf7f502018b3691998cb,6eca98d0aa96d80482e1c926b6865754856e9860,0743bcf223022664a3885058c909814fe8669ce4
generated-figures,Bert_att_results/true_compliant_pred1/heatmap_seq1_layer4_head2.png,61966,dbc651f9a3f12c0a830db5fcae1ddb0650f8b3b91e0bf93df657711ac5c124d8,8808d6583a7d71abdd46a4810047c11ec5b8e082,0743bcf223022664a3885058c909814fe8669ce4
generated-figures,Bert_att_results/true_compliant_pred1/heatmap_seq1_layer5_head4.png,57880,be11b4fbc6106c1e7497eb704eb0885919b563b1e1071403b501d33ede7b89a1,6c466e48799428b631008727dde7247edc83b6f0,0743bcf223022664a3885058c909814fe8669ce4
generated-figures,Bert_att_results/true_compliant_pred1/heatmap_seq1_layer6_head6.png,65809,7596ebd47f00fb15b5a7d50131f5c20699552bb1013739d9939edca98971ce70,5c846ca262432a27012136a0ffe12dd391582481,0743bcf223022664a3885058c909814fe8669ce4
generated-figures,Bert_att_results/true_compliant_pred1/heatmap_seq1_layer7_head1.png,66852,f48bf61302776c16318473b9b658aeef5abb697decd4007dd3db2a236a70ddd3,eb30b70c1b3a6cd8764d82bbaa9acb55eb699131,0743bcf223022664a3885058c909814fe8669ce4
generated-figures,Bert_att_results/true_compliant_pred1/heatmap_seq1_layer9_head2.png,61177,4a1d8e391dc50f53d6d0d8075af0adb34249bf9eef027a13973b36a333a58e2f,33d5e0e54375e4fcb7a8ea6f1af2d7c57f4a026d,0743bcf223022664a3885058c909814fe8669ce4
generated-figures,Bert_att_results/true_compliant_pred1/heatmap_seq2_layer10_head6.png,59366,680d0d2049157940534236725df1d79570491bbfe31d516a5f61d7a2fd3f02c1,dbd84acce2223409a5ecec8a525429f5ba286d10,0743bcf223022664a3885058c909814fe8669ce4
generated-figures,Bert_att_results/true_compliant_pred1/heatmap_seq2_layer11_head11.png,61580,4dbe863a3f9eb58138aa3b9488054dfd204ceaf3be4b7021341086bef074200b,4bc07db0786cc5597b968e22ddf787c6a2aed56a,0743bcf223022664a3885058c909814fe8669ce4
generated-figures,Bert_att_results/true_compliant_pred1/heatmap_seq2_layer12_head6.png,64194,a9fe0df6fd366fa8fa752d6a8759ef0a34f803f5ec0c691de2844aa45de376b3,105798be568d1206f441774d40ba7bdebdad916e,0743bcf223022664a3885058c909814fe8669ce4
generated-figures,Bert_att_results/true_compliant_pred1/heatmap_seq2_layer1_head5.png,61731,a931f78e36f68b6a7b83787357ac8729d42ba00304ce570ae3bf8e590b9f5b0d,5247afccc34f9d8b6f38c9b0cb50e74176a8d49b,0743bcf223022664a3885058c909814fe8669ce4
generated-figures,Bert_att_results/true_compliant_pred1/heatmap_seq2_layer2_head6.png,57516,557200488a9ea125b92b94119e77611aeff80cb0d55cdec6d5b6dd9a639cead9,1d84fc141d586557d7d184e85ce8e8abec90ebc4,0743bcf223022664a3885058c909814fe8669ce4
generated-figures,Bert_att_results/true_compliant_pred1/heatmap_seq2_layer3_head8.png,59521,d14845db777aca849fde4dd820ed205b51cc1b4ee8c2b82dc4cedfedbcf13539,5a65d7983c0b8b3a8a2f0138a3d360d5c7f53fd8,0743bcf223022664a3885058c909814fe8669ce4
generated-figures,Bert_att_results/true_compliant_pred1/heatmap_seq2_layer4_head9.png,60723,0110611186da9b954185cd407c4e4b743ec7b950d9251c115c62ab1b1b299c85,2bfef6cf02134dcf9da9d8c47c69d5c0b2169006,0743bcf223022664a3885058c909814fe8669ce4
generated-figures,Bert_att_results/true_compliant_pred1/heatmap_seq2_layer5_head2.png,67138,873e34b815e87b5f5cb5d0a2e6001f49e1aa47640ed157a707c51387be77590c,049ccbd471db582a262e6186f3c4341c4efb6ff6,0743bcf223022664a3885058c909814fe8669ce4
generated-figures,Bert_att_results/true_compliant_pred1/heatmap_seq2_layer6_head5.png,63959,f9b243c7f3655c5847a383c0efd9339a20223e0984299f689def5f41022978a1,a6935cb465dccfefcd1d18c2fdd46c4c8310725f,0743bcf223022664a3885058c909814fe8669ce4
generated-figures,Bert_att_results/true_compliant_pred1/heatmap_seq2_layer7_head1.png,58687,387118280cc437db37d9cfb2bad2227f207f6ef3b7befdc3b4fce6890e65c1ec,a53c7cdabb301d2d6da25e32c6cb0ceaf4b80985,0743bcf223022664a3885058c909814fe8669ce4
generated-figures,Bert_att_results/true_compliant_pred1/heatmap_seq2_layer8_head1.png,56148,f78af96d93a4552d4588b89013e94ef20d3e22e90a2a05aa35f88f47cd6ec71c,31c6e377c3db2683f7097f04933617f9c68ba681,0743bcf223022664a3885058c909814fe8669ce4
generated-figures,Bert_att_results/true_compliant_pred1/heatmap_seq2_layer9_head2.png,62614,bba8cc73cb31f46bcbba3b86fdb1fee2472ca3dee0344d6064ad624e25895a5d,c9ab008806adeea4f91dbf89bf17670504856c15,0743bcf223022664a3885058c909814fe8669ce4
generated-figures,Llama_att_results/aggregate_false_compliant_pred1.png,90272,3aca7c9b8a0d59b9d5216081e6c0f610fcf633628c5bf79519905eb82185cd0e,7fcb31062d2edb4845a0f29c919c50f210c22fe4,0743bcf223022664a3885058c909814fe8669ce4
generated-figures,Llama_att_results/aggregate_true_compliant_pred0.png,100900,9f7e274fa3bcd81e5d35e4ae397d4776dd587d7a8579c508543ed75e1c18a2b7,508fcfa48e481bc26b865e19b5094b9c2c5f52e3,0743bcf223022664a3885058c909814fe8669ce4
generated-figures,Llama_att_results/aggregate_true_compliant_pred1.png,96143,1a2b5dd6c4962ec3c521d8b4d83a6b02ae2315bf240fde5e4fc11694b8291c1f,22f9e694dbc2ed3ed2a4906b4bce1ce90b14a792,0743bcf223022664a3885058c909814fe8669ce4
generated-figures,Llama_att_results/comparison_true_compliant_correct_vs_missed.png,77129,0742d852a1bc14bb634d980d3f493f6aacd51854e84f52a7ece78f92daad9239,eda474c4c504496a974e96a96f680b1a045a36c5,0743bcf223022664a3885058c909814fe8669ce4
generated-figures,Llama_att_results/comparison_true_vs_false_compliant_pred1.png,77514,fd3427b3d53348c3b20678a5732ae0de796430d421c12aa5fce3ee8de6379f87,c0bcf7ec3aa9bb0f6128e50e253306ce47c59fa4,0743bcf223022664a3885058c909814fe8669ce4
generated-figures,Llama_att_results/false_compliant_pred1/heatmap_seq0_layer10_head9.png,56922,0428e3fb46c5db16f5eb95651d8b620ab7a9ae925313bc69a8aefd1d7e9999d6,61ac8ef7644151f87ea891f882b58076a33617ed,0743bcf223022664a3885058c909814fe8669ce4
generated-figures,Llama_att_results/false_compliant_pred1/heatmap_seq0_layer11_head25.png,60143,79c128670d280cfa0c70a0fb5f8b7732c1993e7031267266f0e2bf75f3a15a8c,0a7c945b0a691ca7514662b100b3e81ba97ac451,0743bcf223022664a3885058c909814fe8669ce4
generated-figures,Llama_att_results/false_compliant_pred1/heatmap_seq0_layer12_head5.png,60212,7aaf424eb103346fcf54f2ae4bcee265f5dc484d4fed4e86fdb246d1e814433a,a874b4c9bb9bcc98f47cc3aab23a5003c9780134,0743bcf223022664a3885058c909814fe8669ce4
generated-figures,Llama_att_results/false_compliant_pred1/heatmap_seq0_layer13_head24.png,63262,877436f4a12a5e5616e94d3b8083284df784284879781eb46acd51d1185a7fe9,6236971cbb8ed20445ba2db4ff0486daa1ac9f6c,0743bcf223022664a3885058c909814fe8669ce4
generated-figures,Llama_att_results/false_compliant_pred1/heatmap_seq0_layer14_head12.png,58600,da1515088422dc576cbf4b92b89107be190e62942805f06d162fbbb890e2f762,e52f0a989c6398d4a45cd2ed4ae181a36c63801d,0743bcf223022664a3885058c909814fe8669ce4
generated-figures,Llama_att_results/false_compliant_pred1/heatmap_seq0_layer15_head19.png,61686,2c143e1dc4beec642a6e723f976b7cc47f8793c9d81a44cba2bee80197962b1b,8033f0d213170683af25c3fc2800e4b948d27bad,0743bcf223022664a3885058c909814fe8669ce4
generated-figures,Llama_att_results/false_compliant_pred1/heatmap_seq0_layer16_head9.png,60282,f280348fe3b07e6af9059c2cd324ce0e45da805e02d406b08c095bd5e5958dbb,a39b56e425ba3fb8d3fd5b08578360ebedfefdf6,0743bcf223022664a3885058c909814fe8669ce4
generated-figures,Llama_att_results/false_compliant_pred1/heatmap_seq0_layer1_head21.png,60255,6465fa527f9cac1eb8a8b148cea6e732a45fe00bf20135b75f893fa5adc987b0,d218ec9b4a3657358a21492726439f51db4722e2,0743bcf223022664a3885058c909814fe8669ce4
generated-figures,Llama_att_results/false_compliant_pred1/heatmap_seq0_layer2_head29.png,60475,333919d14d2b137317b4308e49eabd4ec619b76bc13a86edd82f54d87e93f445,d7921ad75e69e978b6c7a2b62dc86751d58c8214,0743bcf223022664a3885058c909814fe8669ce4
generated-figures,Llama_att_results/false_compliant_pred1/heatmap_seq0_layer3_head16.png,60074,1c7db4985eea8dac62a3e4ffc06ebf2a45f6b050b20cf4193194341ff77944cb,967bc9857341bb692000107b70f198b76da2fc89,0743bcf223022664a3885058c909814fe8669ce4
generated-figures,Llama_att_results/false_compliant_pred1/heatmap_seq0_layer4_head29.png,57341,577deb253df3ed0ac940b37e9c44d30c2873fe21265f2f17dabe80dca7f287c1,5b6f32eec45a69b390064f47e5263a28e72f5d24,0743bcf223022664a3885058c909814fe8669ce4
generated-figures,Llama_att_results/false_compliant_pred1/heatmap_seq0_layer5_head24.png,60354,5eba6809adcc512bfe98bb042bec28f3cb21e48a9031ff1d25afad701f8c8005,65e23ba259b99520c7eaa4e594ae8b2defc9c8b8,0743bcf223022664a3885058c909814fe8669ce4
generated-figures,Llama_att_results/false_compliant_pred1/heatmap_seq0_layer6_head5.png,57563,7ac09dc792a4c0b92a03ea8ec3a55bd018fcaaab38e5ee3c4d0e046fd036e852,8f5b32824f8d894e768b7869b06f4c5720954e76,0743bcf223022664a3885058c909814fe8669ce4
generated-figures,Llama_att_results/false_compliant_pred1/heatmap_seq0_layer7_head20.png,58815,026f30fd3f35333292b1bfabd73a77d842584040c327d49574712f9d19603c63,1fe83fe4cb55ee559b4b450eacbf6c48218dbf39,0743bcf223022664a3885058c909814fe8669ce4
generated-figures,Llama_att_results/false_compliant_pred1/heatmap_seq0_layer8_head1.png,58054,9141733570ead8b47f9753c86474030a8460739656c7724c2b04250597a70220,59bbf28510bb4d96dda85e13b453c9aadf25e570,0743bcf223022664a3885058c909814fe8669ce4
generated-figures,Llama_att_results/false_compliant_pred1/heatmap_seq0_layer9_head30.png,61945,782f30c08b6613e1994ef57ed2351f09d2e5e9bc4ebd6dae47d7d70cb9dc7575,fa46acb3019b85745a19218bfa17f5beb79e9b19,0743bcf223022664a3885058c909814fe8669ce4
generated-figures,Llama_att_results/false_compliant_pred1/heatmap_seq2_layer10_head24.png,59929,60180b1fb44f761bbea66e7a8666b1aa841a45c8f499cb0780f0898820101e3f,5326b8764620e2a77eab01b01f19897d87220cbf,0743bcf223022664a3885058c909814fe8669ce4
generated-figures,Llama_att_results/false_compliant_pred1/heatmap_seq2_layer11_head10.png,62400,575913a0b6c26b242f4b6eb3114bfa2f8b1ecf9e0f01fea8e359502bd8e44b58,8759288b36b34fb922743d4789a8384ccc84df70,0743bcf223022664a3885058c909814fe8669ce4
generated-figures,Llama_att_results/false_compliant_pred1/heatmap_seq2_layer12_head24.png,62848,70cc14e2914ea279c1ba35f906d1c9ea4dceccd474018f17ca970731db7b6f8b,a44585c4df39de754456d4e9396f6a34c4428f70,0743bcf223022664a3885058c909814fe8669ce4
generated-figures,Llama_att_results/false_compliant_pred1/heatmap_seq2_layer13_head8.png,60455,2f5e50ec7e953c847bca58457cd3085ffef6ea408653cb905f396ac182aae119,b75e4754e77e6a5d853338495381dbc36bd4641f,0743bcf223022664a3885058c909814fe8669ce4
generated-figures,Llama_att_results/false_compliant_pred1/heatmap_seq2_layer14_head12.png,62503,0c9e10dae182bc8df84691f46411ceb7dc932cf15349fafd11d4346bf0ed50b5,be1d415b1ca218aa03932673d1d61c34934b4ee4,0743bcf223022664a3885058c909814fe8669ce4
generated-figures,Llama_att_results/false_compliant_pred1/heatmap_seq2_layer15_head17.png,64215,680407e9fa110584cdcfb3b3e13bd65a045b25206ad916b2f72cc7a996cb849e,6fe6bfd37cd9616124fb04aa2f640c1799740715,0743bcf223022664a3885058c909814fe8669ce4
generated-figures,Llama_att_results/false_compliant_pred1/heatmap_seq2_layer16_head27.png,65589,649ab2e8720dfea7a7642c06749c121d7fddb8744e83fb67c3fb1d90ee909117,dd7c83d883314527fc7ea5429cdda3508c0e2f48,0743bcf223022664a3885058c909814fe8669ce4
generated-figures,Llama_att_results/false_compliant_pred1/heatmap_seq2_layer1_head22.png,60621,b1da796978595f8f9e96dfe8de5b7701a5e61238f0fd94b08c064aec0923a7f7,c86370683495153a9c1110f41a86f75a88713d79,0743bcf223022664a3885058c909814fe8669ce4
generated-figures,Llama_att_results/false_compliant_pred1/heatmap_seq2_layer2_head13.png,64421,24a7fd493e7a6c66f160aafdd3ede1ab5f8ba41bbb5c367d1152509cc72bc8e9,96164113e46c3dac328c792d29cd7a4aacc96a03,0743bcf223022664a3885058c909814fe8669ce4
generated-figures,Llama_att_results/false_compliant_pred1/heatmap_seq2_layer3_head16.png,61534,c9ea5723fa4d84139cefdf8a76651c2ee78897a200c3d1c49e1d83b9eb20eb68,8af007494d3e6d8b526ad73fb9bc5ad3344f07ab,0743bcf223022664a3885058c909814fe8669ce4
generated-figures,Llama_att_results/false_compliant_pred1/heatmap_seq2_layer4_head28.png,60768,5e12e9478ee8e8bd454a87471aefd62e831cacd91d43ad5918cf16f4cecf1367,6dbea8483f72280937f7f0bbf503eceedb47b15d,0743bcf223022664a3885058c909814fe8669ce4
generated-figures,Llama_att_results/false_compliant_pred1/heatmap_seq2_layer5_head30.png,65945,279d27cfd02ce8e0e6c4579078916a7fe771017774e00798868f2fec8bf94a2a,2bccf720a490df721e77114f922c74acf846594d,0743bcf223022664a3885058c909814fe8669ce4
generated-figures,Llama_att_results/false_compliant_pred1/heatmap_seq2_layer6_head23.png,59376,a256d6122f667ae7f307ffd365144eb6e0320f49e9109625d7df3167f32fdb3c,bf9bd7aaa0831d9cf5967566cdbe735d1b19ca8d,0743bcf223022664a3885058c909814fe8669ce4
generated-figures,Llama_att_results/false_compliant_pred1/heatmap_seq2_layer7_head20.png,61537,ec3584008da66fd897f9b0975db6f4052cf18ff8a26bfb39655f211453340b80,7c6c95824d422eb3710ddf871b3b82c19db80b6a,0743bcf223022664a3885058c909814fe8669ce4
generated-figures,Llama_att_results/false_compliant_pred1/heatmap_seq2_layer8_head24.png,64613,43477487f0a0dcb6f05c6a529e0862c1db54b0670709498cc5adf7cec81e4cd2,fc47de9912fac936d217cbcf1880a17fbf455f93,0743bcf223022664a3885058c909814fe8669ce4
generated-figures,Llama_att_results/false_compliant_pred1/heatmap_seq2_layer9_head14.png,62574,5e2bc033c053accc78dec785983c5f8b1bae4a9ecf829d5e040bb3a2dc5bb6ef,16f75a80890f0e59818bfacfcbcc83f91de5f633,0743bcf223022664a3885058c909814fe8669ce4
generated-figures,Llama_att_results/layer_summary_false_compliant_pred1.png,66171,f630ca0f255ba404b59d5cf5c0ed67895e62008e77de89d85732688ee3f6bc58,f84eb1e4db5c10b84b69ba370c1695e4d2743cd8,0743bcf223022664a3885058c909814fe8669ce4
generated-figures,Llama_att_results/layer_summary_true_compliant_pred0.png,65846,64b537e0e9b369c0f7b3842589b30706b2970636aa36344ae34d3fbd39bd0518,e0b440aa3e632b0793f5cea9ba6050dffbe405ce,0743bcf223022664a3885058c909814fe8669ce4
generated-figures,Llama_att_results/layer_summary_true_compliant_pred1.png,66120,c1a055d1544ca14eea710018923408d8d000633ae31c42ff3a324eec454b8ee0,9676d47d28bbb92d526bf7c77840ab60ef94d1d7,0743bcf223022664a3885058c909814fe8669ce4
generated-figures,Llama_att_results/true_compliant_pred0/heatmap_seq0_layer10_head3.png,59517,2cab2a1482bbddba9b5650536577b23a4ce60cc421b234f50cce11812a239ebf,ac189f3aaf46ec10bc2e694f028fd233f716c709,0743bcf223022664a3885058c909814fe8669ce4
generated-figures,Llama_att_results/true_compliant_pred0/heatmap_seq0_layer11_head10.png,56750,1d2b24642e06840adaad31ebbe5a3cd21ebe7c140df6cd0b40865972f0ba019c,5fa5e5fd622850c1bc81a528ecae0f9fb64b610e,0743bcf223022664a3885058c909814fe8669ce4
generated-figures,Llama_att_results/true_compliant_pred0/heatmap_seq0_layer12_head26.png,63157,bcf37c23a5d075ea406b5991d065861636948b753f86205ff85e482fe03be46f,b511a7d4f2803dc49afd98b2f470abf6ec61264c,0743bcf223022664a3885058c909814fe8669ce4
generated-figures,Llama_att_results/true_compliant_pred0/heatmap_seq0_layer13_head25.png,59536,57df5114c6a270459a7157ecb8afb28b43f64f051baf62765791c5b734967dbc,81ab4e3544f0cecb0f1770ff30f6c531da509d6d,0743bcf223022664a3885058c909814fe8669ce4
generated-figures,Llama_att_results/true_compliant_pred0/heatmap_seq0_layer14_head6.png,62720,9e19b780dbfeec47298960cb4ab1b7039aacee344321047d9f1570a2eb14671f,0b846796e07b142a26e0b303c0db8bf703299972,0743bcf223022664a3885058c909814fe8669ce4
generated-figures,Llama_att_results/true_compliant_pred0/heatmap_seq0_layer15_head28.png,59786,3f6b470f90bf6ad5cd499c221a267a8f4607797182f34af1a014a72dc4603a1a,36053e2297d462b41d4a4db659df0fa82811f33d,0743bcf223022664a3885058c909814fe8669ce4
generated-figures,Llama_att_results/true_compliant_pred0/heatmap_seq0_layer16_head9.png,60702,ee3657ef29bafb7bff53ea497ca4909d7590059d6b6d8baacc754859eea7d9e3,059f620d309f3d3431b901448b9161ddcc64a46a,0743bcf223022664a3885058c909814fe8669ce4
generated-figures,Llama_att_results/true_compliant_pred0/heatmap_seq0_layer1_head24.png,62625,967019a967d4a9968df4bf0f20f6825dc34262c8a4e07ec4a4b2668ee6ef3062,ce1251bc099691730b6dfacbb039ce694d83a1da,0743bcf223022664a3885058c909814fe8669ce4
generated-figures,Llama_att_results/true_compliant_pred0/heatmap_seq0_layer2_head27.png,61145,e57d9e8d6bda44554200447cb4154cf0eddcc43b7d94f32ad12699254101bc38,3839f4210c8677162541094adfdd3fce0a993695,0743bcf223022664a3885058c909814fe8669ce4
generated-figures,Llama_att_results/true_compliant_pred0/heatmap_seq0_layer3_head16.png,62927,1af36dde67fc33932cb24a5ff04a6c529f9c78d90f1e32d4d4db571a9a3167a8,33f1ab1a51d0fc616282d310f2dbf99324c1a0ea,0743bcf223022664a3885058c909814fe8669ce4
generated-figures,Llama_att_results/true_compliant_pred0/heatmap_seq0_layer4_head23.png,65581,a3d62b85336b61a6b7bc9e22ca72aa31ea2de2faa581e62d546d7a44a8ef6be9,07b0f43dd659257da2214468303660acbeddcc2c,0743bcf223022664a3885058c909814fe8669ce4
generated-figures,Llama_att_results/true_compliant_pred0/heatmap_seq0_layer5_head30.png,60292,9d1a0a3afb29f38fde3d46a6f0ec9276783069ff584aaa6c7d481f861df22774,e392ac5099a05adc14ef359c42265823553d95a9,0743bcf223022664a3885058c909814fe8669ce4
generated-figures,Llama_att_results/true_compliant_pred0/heatmap_seq0_layer6_head19.png,67173,700efbe71179bb92c5e77feedfb00258c2957b5867a09b7afb172ebf127e5cd6,0e7189ba9d6a9c81444b823539eb6b9f42fef4d5,0743bcf223022664a3885058c909814fe8669ce4
generated-figures,Llama_att_results/true_compliant_pred0/heatmap_seq0_layer7_head20.png,63044,3a7b555bbe8a3c05b8ec41f5890ed4c9c0094d378d59b3799dc75052deba0eea,f67385859277f4c6db35a36df03146d1421c5a92,0743bcf223022664a3885058c909814fe8669ce4
generated-figures,Llama_att_results/true_compliant_pred0/heatmap_seq0_layer8_head30.png,65390,bd453c5a24bfdcc0b3c4b43a4cc6d965c1d01f66c833eb933cd41b81fe978407,ed17a6392588ac307c7d6714ed30e09a1e7dfb34,0743bcf223022664a3885058c909814fe8669ce4
generated-figures,Llama_att_results/true_compliant_pred0/heatmap_seq0_layer9_head13.png,61574,62fd7211f3ab7cae0129e809da34e525c57458284475a3aa5a618dfa648c71b9,f856a83b316050da820b9035e9a20bde87978162,0743bcf223022664a3885058c909814fe8669ce4
generated-figures,Llama_att_results/true_compliant_pred0/heatmap_seq1_layer10_head24.png,60981,df70fcda538056eff4eb0e9ece60684559807ae7ecc1fbf0316be8f972bea2ae,661cd4da305c238466f7b5ae8dd27acf48546a8c,0743bcf223022664a3885058c909814fe8669ce4
generated-figures,Llama_att_results/true_compliant_pred0/heatmap_seq1_layer11_head8.png,64573,c64c63357a12b6c36e641e93aa6ecd50f3300d55156725a67274d478a0b1d6c5,a5776b98c2b1266109741ac361d8563bb3446267,0743bcf223022664a3885058c909814fe8669ce4
generated-figures,Llama_att_results/true_compliant_pred0/heatmap_seq1_layer13_head12.png,63312,20084b73fef9f6a8c70b287aded0d3cdba1d6edde797495a06c3807f0fe1d2fe,081e4915e86dfdf9bf65e6b43b0414524c76cc3d,0743bcf223022664a3885058c909814fe8669ce4
generated-figures,Llama_att_results/true_compliant_pred0/heatmap_seq1_layer15_head6.png,64757,d86b4b19c29111fe5bd3df5da3cce9a2f71eade97e2fde64bbd1a62c3e3cd368,7c1653e5edf5b696ea952a8231d140b7432bb1c5,0743bcf223022664a3885058c909814fe8669ce4
generated-figures,Llama_att_results/true_compliant_pred0/heatmap_seq1_layer16_head13.png,63844,67b55198d01cb47b188e3ed036c9ac147324464b6703e2d4303f08b96d6b292d,6cc5930c19744225d4d11dccfb9ad18bc4544b3c,0743bcf223022664a3885058c909814fe8669ce4
generated-figures,Llama_att_results/true_compliant_pred0/heatmap_seq1_layer1_head21.png,63304,67348a9efc137b3cb72b8c0dc2dcea24025ca6ae817869a721c98e198062290d,e2720a9cde352015bdc21a181c3ca85d10593c18,0743bcf223022664a3885058c909814fe8669ce4
generated-figures,Llama_att_results/true_compliant_pred0/heatmap_seq1_layer2_head27.png,57552,488f64003922c2419934fc9fc4435116d6cf47b0b1f890c503ce67978e0ef177,d0e28536a6bd08ca429f97abfd1417c156be2571,0743bcf223022664a3885058c909814fe8669ce4
generated-figures,Llama_att_results/true_compliant_pred0/heatmap_seq1_layer4_head29.png,67947,442672e41d9be7b044297518f23f607a27835f9696abd039266fd5cc4692bf89,bc6327fe48dcdcc0c2472c7cc91e8bbba321ec53,0743bcf223022664a3885058c909814fe8669ce4
generated-figures,Llama_att_results/true_compliant_pred0/heatmap_seq1_layer5_head28.png,63666,50318717794d33f9d82ccab70b668fb1f04763ae54abfdced11f6b990c73e956,46e07317adc43167c5f0960fd1a4b505d7d0a1d7,0743bcf223022664a3885058c909814fe8669ce4
generated-figures,Llama_att_results/true_compliant_pred0/heatmap_seq1_layer6_head5.png,58652,321abca46afeb8a42ac731d0f55bb598d2e486b536dc714e8814ae3d1d0f76c2,3e4946b9a42762dbad0377f6cf935cb5503fafd9,0743bcf223022664a3885058c909814fe8669ce4
generated-figures,Llama_att_results/true_compliant_pred0/heatmap_seq1_layer7_head32.png,63668,e8264880b2607f2189eefe9447b47093b86dcafaf0bcdfacd42dcefca1c6a504,44288efc04528f4d278ac36374b77e070d053411,0743bcf223022664a3885058c909814fe8669ce4
generated-figures,Llama_att_results/true_compliant_pred0/heatmap_seq1_layer8_head19.png,60961,252c6d0e44578b200735093c26292cd83aec3142ed40503b75971efb58ceb599,1d310adf4c42a4d7f430b42095dcfc63b42c9a02,0743bcf223022664a3885058c909814fe8669ce4
generated-figures,Llama_att_results/true_compliant_pred0/heatmap_seq1_layer9_head5.png,61443,20f776e1c9e9ef84448e0bc83cc81d7209feba268583d17ed6f4249b4cf68a46,915cfd79bee204b4524de924f9f4ea5e06422a42,0743bcf223022664a3885058c909814fe8669ce4
generated-figures,Llama_att_results/true_compliant_pred0/heatmap_seq2_layer10_head14.png,60692,f4831e622d0394c2b92314d42ff7f1948f3e03b9aadb023abecb9f96423764b2,6bd6644f3c093a7c832f40aeece0601e09b8f7dc,0743bcf223022664a3885058c909814fe8669ce4
generated-figures,Llama_att_results/true_compliant_pred0/heatmap_seq2_layer11_head25.png,69316,80f0a56a96896b0b52e7161c0d56941c8cdcd87de80ed2f4bfaa4b7b74765c22,f85c3a7540a478c3789cb6e8883ebed05c9dd623,0743bcf223022664a3885058c909814fe8669ce4
generated-figures,Llama_att_results/true_compliant_pred0/heatmap_seq2_layer12_head5.png,64707,a73bc5883d2ab61408aaecf09154fc81cacb663508dc9817745093bfd35c1b16,ebb9f859e7b0abde927835be5709c775c942d16d,0743bcf223022664a3885058c909814fe8669ce4
generated-figures,Llama_att_results/true_compliant_pred0/heatmap_seq2_layer13_head8.png,63905,2886d96f1fb55fbcf08d475618e655d19f5b5bc87ab782c1df8735c1b0f81a1a,9bda88a51dd1541c408248f3f2ea5146bcdf7b8e,0743bcf223022664a3885058c909814fe8669ce4
generated-figures,Llama_att_results/true_compliant_pred0/heatmap_seq2_layer14_head12.png,63586,344b217aefcd9a4f4bebfef9d2c9f8da5f8be74d8e7efc1eb4f995bc9bb63c46,f9cb5e90c646c7f7e17dbc8c4186a5bc240e8066,0743bcf223022664a3885058c909814fe8669ce4
generated-figures,Llama_att_results/true_compliant_pred0/heatmap_seq2_layer15_head19.png,66147,6cf26b0ba123ff39f3bbf89ec7a395442b469600f4c9649eb9cadf9cf989ddae,e33a4975a88844535dc87950e09bfa985cfd1281,0743bcf223022664a3885058c909814fe8669ce4
generated-figures,Llama_att_results/true_compliant_pred0/heatmap_seq2_layer16_head9.png,62711,f271a26002a1de07d1154e0822eee2e91a8d3c54c60cba885a6251b01c86d178,e2da61619ed248ee4cfa33095ac904d2af3df8ef,0743bcf223022664a3885058c909814fe8669ce4
generated-figures,Llama_att_results/true_compliant_pred0/heatmap_seq2_layer1_head26.png,66305,71eaebe4f5d1f4f9c958fb45e2a18c2540fb64f0c4de485cabebdab9b6a4fe65,655c2f6d37f1de2c011ece7ed0c095809c39774f,0743bcf223022664a3885058c909814fe8669ce4
generated-figures,Llama_att_results/true_compliant_pred0/heatmap_seq2_layer2_head10.png,64060,0835a7cb3bb185c36cd50015ba81d1e0cb3e21cc51523cab9a73650cc5084148,18131c242010680f7ff810e29d674b3b7fe080be,0743bcf223022664a3885058c909814fe8669ce4
generated-figures,Llama_att_results/true_compliant_pred0/heatmap_seq2_layer3_head15.png,63696,b97abfa9f558d21a01688efde5d9639affa5dfd87475277f3c8018e6accc7474,42bf1a700a27d15e97a98385b7e648e71b54ede7,0743bcf223022664a3885058c909814fe8669ce4
generated-figures,Llama_att_results/true_compliant_pred0/heatmap_seq2_layer4_head28.png,65173,d8a8be210f8493279735e51345a12e7b44f3a23cfe92f88f97fe2c613e030944,0b8f74b188f2946c52c1b4cb841f8ef88188acdd,0743bcf223022664a3885058c909814fe8669ce4
generated-figures,Llama_att_results/true_compliant_pred0/heatmap_seq2_layer5_head30.png,60291,488abf227d3d08305e887f2737205dce514d060934b41bbcbd220f7e90fdeb9e,eb989743cd0d52b1adc20245bcb77f8c783f6c37,0743bcf223022664a3885058c909814fe8669ce4
generated-figures,Llama_att_results/true_compliant_pred0/heatmap_seq2_layer6_head18.png,63741,3191db4ce54df87ede2e80652ce91cec413afd100243d4fd4d45ab51ec90cd37,b8b731905cc7e4d0330a94feadf85d4dcba052ed,0743bcf223022664a3885058c909814fe8669ce4
generated-figures,Llama_att_results/true_compliant_pred0/heatmap_seq2_layer7_head20.png,63878,93ce794eccd56cedb115dfe2515b2768c0b3547e2491de72a3e6dfe5236d8379,aca8f5c94e2def7e93e221c452e0934dcd447c6c,0743bcf223022664a3885058c909814fe8669ce4
generated-figures,Llama_att_results/true_compliant_pred0/heatmap_seq2_layer8_head24.png,66565,ecb182f42887f08aa0a5b6e9c46389f4c90b2b7e8e51a62ce7fd0f0c13e0bd4e,402cd8d110f5e5cda148b07a821bcc6211dcb328,0743bcf223022664a3885058c909814fe8669ce4
generated-figures,Llama_att_results/true_compliant_pred0/heatmap_seq2_layer9_head13.png,66424,35bb2abd2dca19075f198a253fbae484fb8c13fdcb48ed3f780ae07657560f26,fd236c608925b69fa39153ab52f80fba5990f1c4,0743bcf223022664a3885058c909814fe8669ce4
generated-figures,Llama_att_results/true_compliant_pred0/heatmap_seq3_layer10_head9.png,59518,02a6c0a7b1b3405c40da23f1d557ae727d4f95fadaf0f2d05b8bdeff23b96da3,a4e6e5464caef6030cae54564357a0223d590d54,0743bcf223022664a3885058c909814fe8669ce4
generated-figures,Llama_att_results/true_compliant_pred0/heatmap_seq3_layer11_head22.png,64320,48fcd21152bc1f56fcbbb1716ed08eefe4eb0f3fb318612196edd7c82fc267ca,94aa1c8c276cbd84f12286fd6a71a466097bad7b,0743bcf223022664a3885058c909814fe8669ce4
generated-figures,Llama_att_results/true_compliant_pred0/heatmap_seq3_layer12_head28.png,69647,e247ca16d87b0ebe58dda84da6940cd4a2112772d1ce16160c5daadd7bbbd5f6,2b162d17199c64c33459a0e2578893ce2a93daf2,0743bcf223022664a3885058c909814fe8669ce4
generated-figures,Llama_att_results/true_compliant_pred0/heatmap_seq3_layer13_head31.png,65818,b2b82b2ae79fc509995df995f1e27185a83521d93ac341c8eab6ca74e9f3df4a,1433acb2669ed9274129ba5208d50fda532b2d0e,0743bcf223022664a3885058c909814fe8669ce4
generated-figures,Llama_att_results/true_compliant_pred0/heatmap_seq3_layer14_head12.png,63325,f497bdfa74609c19e647790281aabcc825a1b7502bdcc83e0eb886cee313c36a,04b7276055644b7b4196aac6cd36a87b21b84ffc,0743bcf223022664a3885058c909814fe8669ce4
generated-figures,Llama_att_results/true_compliant_pred0/heatmap_seq3_layer15_head28.png,60286,a558f8afce2a7da2ac496a67871250465381d45b187502b19a88123744c5f2f6,212478d77d72565965f3199672322969e505b22d,0743bcf223022664a3885058c909814fe8669ce4
generated-figures,Llama_att_results/true_compliant_pred0/heatmap_seq3_layer16_head29.png,61376,545ebe67e177e4c2bc934fd0d530c78fd8b0bb955735d6c15a4f6011a3b63125,761ae7401cdedefe9aa72933d6c609cdd92e5294,0743bcf223022664a3885058c909814fe8669ce4
generated-figures,Llama_att_results/true_compliant_pred0/heatmap_seq3_layer1_head22.png,61946,472f890c123c755051741dc08febd6448427a860c08f12c89e605b813139a725,cf4dc480764e547e52152a99f50ec3db8adeb2ee,0743bcf223022664a3885058c909814fe8669ce4
generated-figures,Llama_att_results/true_compliant_pred0/heatmap_seq3_layer3_head16.png,62081,74bfbac13f3893b8069701186fbc896111245ec894414ff0ad6d10228c70789c,d5195fa65fc36d3ebd0f9e2204099b883e35a90b,0743bcf223022664a3885058c909814fe8669ce4
generated-figures,Llama_att_results/true_compliant_pred0/heatmap_seq3_layer4_head14.png,60095,85194fe7620ee7aebcd38f1baf0aa063fc1c18ec528db2ad9f7463752ca4d15f,e1c828a309d3afec47372b66656ede3e0287a5a5,0743bcf223022664a3885058c909814fe8669ce4
generated-figures,Llama_att_results/true_compliant_pred0/heatmap_seq3_layer5_head30.png,66072,4955c0180ece6019fd0c31f4e0c8c682f3b3bda1edc9eaad06990046d3f3ee3a,b80f3779889e8135d631aacc106a5ff0c6c12758,0743bcf223022664a3885058c909814fe8669ce4
generated-figures,Llama_att_results/true_compliant_pred0/heatmap_seq3_layer6_head7.png,63384,841602b6026bc9a738ad204d8126cf1f663815339b595a958d96f40576851d5b,4e55c72ef0c1e3add420c30f1381b868529aa0eb,0743bcf223022664a3885058c909814fe8669ce4
generated-figures,Llama_att_results/true_compliant_pred0/heatmap_seq3_layer7_head32.png,65052,1c1676370f49551d4e195c1a5c3b7cf6aa367b97990f7e4e0c330ec51acdf49a,f70b391bbe768a29819e00490ec26f89d3404047,0743bcf223022664a3885058c909814fe8669ce4
generated-figures,Llama_att_results/true_compliant_pred0/heatmap_seq3_layer8_head30.png,68748,85a946b975af5569f10457291718955f20ce5b4c1d9107a1ca731ef999359cb8,399250890aa756a8e3863cfaa9ed2192b630f8bb,0743bcf223022664a3885058c909814fe8669ce4
generated-figures,Llama_att_results/true_compliant_pred0/heatmap_seq3_layer9_head14.png,61142,87b3e9aa676c6a0d93ddc7fa69c0854ae965160a847fa2902d51ae7472d0fe6a,bfcaf00b97334974b78438881b083bf4662ac6e8,0743bcf223022664a3885058c909814fe8669ce4
generated-figures,Llama_att_results/true_compliant_pred0/heatmap_seq4_layer10_head9.png,63736,da284e2711219030c585089ae66bc8e06207b94b920d241131212f7003900205,3302bdea593772269e334752510ce49d6cc555ed,0743bcf223022664a3885058c909814fe8669ce4
generated-figures,Llama_att_results/true_compliant_pred0/heatmap_seq4_layer11_head25.png,65535,53c6d6d65075d2fb439d26e573fa316c89273c6961ab5b44031274819f806c97,ec1f42f25c7f09105f3476329af115a9a569e15d,0743bcf223022664a3885058c909814fe8669ce4
generated-figures,Llama_att_results/true_compliant_pred0/heatmap_seq4_layer12_head24.png,60073,d61650d2069b2e74b8cc4a0a462283ad4cf6f303f9697f2d754271c53961c485,289708a6b0d7ab883434a32ade93950ba83c2351,0743bcf223022664a3885058c909814fe8669ce4
generated-figures,Llama_att_results/true_compliant_pred0/heatmap_seq4_layer13_head19.png,63502,1a3daf2b7878f89aba6ce614a67076a30b3889d5c1f2d70e16e129a755d46cdd,8fdb31bfd9448e4cfc8216b7f6beb862956fe962,0743bcf223022664a3885058c909814fe8669ce4
generated-figures,Llama_att_results/true_compliant_pred0/heatmap_seq4_layer14_head12.png,59206,1f6d4ca09a65a1c5a992b3b4ec706fede34a0343dc96caeda035094bdfb7ad9d,ea35c045dc29440ff89a3ca8d635386ab76e3d0d,0743bcf223022664a3885058c909814fe8669ce4
generated-figures,Llama_att_results/true_compliant_pred0/heatmap_seq4_layer15_head28.png,60571,f4396bd5d547491de3a2c2d5307fb816c1e8727cb310500291b4a880b67b40b6,4bd51e15be925c14587786822902a956c0abe7ae,0743bcf223022664a3885058c909814fe8669ce4
generated-figures,Llama_att_results/true_compliant_pred0/heatmap_seq4_layer16_head27.png,63606,019c3531e870b123c788c19fcd0a325dd2e4d47530a7585041699aa59c2f3102,e3b82dcb9470e9c01a851f97810432e017b1a9b1,0743bcf223022664a3885058c909814fe8669ce4
generated-figures,Llama_att_results/true_compliant_pred0/heatmap_seq4_layer1_head22.png,62121,b0169452061e250df5fb6d7906f7fbb6b1a24e6a1c6ab2e0ac409a3a7260f10b,bf13d608060fcbbfece4b9d19f5f9f30b2ad333f,0743bcf223022664a3885058c909814fe8669ce4
generated-figures,Llama_att_results/true_compliant_pred0/heatmap_seq4_layer3_head14.png,61925,228892b8b927f084b62a0ebd1fea6b95f26fc34d03c718b3a7683ba72bbbb1e1,66bcc9795d406c648c7e2c0db021d3a5dbe7d2a2,0743bcf223022664a3885058c909814fe8669ce4
generated-figures,Llama_att_results/true_compliant_pred0/heatmap_seq4_layer4_head29.png,69410,e0b73645994dc66acb8a5f456180053fd6f8425e635f6239c9bfd0695f36fb4c,5c40935f55ee735a14173e366fae0919438dd8bf,0743bcf223022664a3885058c909814fe8669ce4
generated-figures,Llama_att_results/true_compliant_pred0/heatmap_seq4_layer5_head7.png,61645,6b3ffc66909a598e24eb6fcdf84ddb0a4efd7197b1c635f8678081168afceedf,1b8a6e3d3f32268aa9bb8f7b88cad88ffde93d93,0743bcf223022664a3885058c909814fe8669ce4
generated-figures,Llama_att_results/true_compliant_pred0/heatmap_seq4_layer6_head24.png,61984,2ecfa2c520f45904e084d64465d86e8ce51f5a17270de0c2b51246b78ec3beb8,4f227b80ef1ff74d9392206b70fa7483efca3ff9,0743bcf223022664a3885058c909814fe8669ce4
generated-figures,Llama_att_results/true_compliant_pred0/heatmap_seq4_layer7_head20.png,61125,a38c17205ea3a6b0e4034ba1f2ac0abca07c17db52af46b6ca21cab11109e5d0,f7bb792a74cef972979ed5d2071fc4099f0a5051,0743bcf223022664a3885058c909814fe8669ce4
generated-figures,Llama_att_results/true_compliant_pred0/heatmap_seq4_layer8_head24.png,59888,8ad455edc4f0a0c4b47e2eb9dfb40319f12d97f233f09957919a119bc8a8b996,c6aa250c59907861dc0fb7725948fbe8abd085a7,0743bcf223022664a3885058c909814fe8669ce4
generated-figures,Llama_att_results/true_compliant_pred0/heatmap_seq4_layer9_head30.png,64893,fc8cdb61da5f8d10145c8c8c30341f3f6ba79ccbc1dd9fe7dabc5afe41ee392a,86862170727880444681f10485c55d45c0b0f81b,0743bcf223022664a3885058c909814fe8669ce4
generated-figures,Llama_att_results/true_compliant_pred1/heatmap_seq0_layer10_head14.png,58563,cf0b6feaed62f823dc74f4106b77daf064f9bface9f6022e9e3f44df5212b753,0f9764649ac03e983a84c7c87839456937e9245d,0743bcf223022664a3885058c909814fe8669ce4
generated-figures,Llama_att_results/true_compliant_pred1/heatmap_seq0_layer11_head25.png,62036,8fe76bf9d22e04edc0e963591b495f4000636b3cc78d3b92845aec8ece3a6b5c,bf3170e1496b2238a9d36eb416fd894ef8eaad4c,0743bcf223022664a3885058c909814fe8669ce4
generated-figures,Llama_att_results/true_compliant_pred1/heatmap_seq0_layer12_head13.png,58000,905e028076346bc3fc9bfd828650566cae7b6cfd12e1dcc2a30d00c2c1f4336b,0d1e05a8dc9caebb0882e602d8930b7a519b185e,0743bcf223022664a3885058c909814fe8669ce4
generated-figures,Llama_att_results/true_compliant_pred1/heatmap_seq0_layer13_head12.png,61389,3e746352a4baa91c3785a7bfc18674b5291e27ea395ddad2d8b0da8623eaddcc,235c9199b6c08518d8334c702fc000529cfe02ac,0743bcf223022664a3885058c909814fe8669ce4
generated-figures,Llama_att_results/true_compliant_pred1/heatmap_seq0_layer14_head12.png,60404,8a084792a504b0e599f5cdb69551182afc8fb224e6af43d5d55d75caa6dc20a6,7fdd01ace8bbe3f2eac5d5e076267cd7dda5e379,0743bcf223022664a3885058c909814fe8669ce4
generated-figures,Llama_att_results/true_compliant_pred1/heatmap_seq0_layer15_head19.png,58714,0c79a9936d2a9095c0d9511b215a5c2ffcd9077923c605f07fb321ad8174f982,dfcd017f49d5b71ab8536e34c08b1ecbb8a8c72d,0743bcf223022664a3885058c909814fe8669ce4
generated-figures,Llama_att_results/true_compliant_pred1/heatmap_seq0_layer16_head9.png,60730,37816c0f2410042e428a6d83b0216790f0e880e69c5643a7865a05522f022e49,008e713f77ed1d202c6b8332e502867f5abbbf86,0743bcf223022664a3885058c909814fe8669ce4
generated-figures,Llama_att_results/true_compliant_pred1/heatmap_seq0_layer1_head22.png,60529,cdeabbefbc98351b69e0d59881bc52ae9ac10e0c2f6bc847c42684b5ea98a5e5,164e657089ca31787ece8b3dc9416bb4794a135b,0743bcf223022664a3885058c909814fe8669ce4
generated-figures,Llama_att_results/true_compliant_pred1/heatmap_seq0_layer2_head29.png,63100,b211427892e46545cc35303cd0df17e9321f67f379960c8311a57948f97a4fdc,31700f58d43ccc62267daeed73e7298b945d8012,0743bcf223022664a3885058c909814fe8669ce4
generated-figures,Llama_att_results/true_compliant_pred1/heatmap_seq0_layer3_head16.png,59033,58a2afeb554a46b9f36999f2e81778fd24015467caf7b7225df015072927e8c4,ac3e23c9001b98758b03e35bb1ae7f0d4b85caa1,0743bcf223022664a3885058c909814fe8669ce4
generated-figures,Llama_att_results/true_compliant_pred1/heatmap_seq0_layer4_head13.png,58220,07ade3b391e52f764dda2bf008a15beaa91027f163fb301f719e04fc72b99722,0d6b4a8addf6c2903f2b9abefd973d420847d536,0743bcf223022664a3885058c909814fe8669ce4
generated-figures,Llama_att_results/true_compliant_pred1/heatmap_seq0_layer5_head28.png,63268,00557556995e8c738e3e099cc8aa5e95b585948ee6a8b4f59316ee9b68c418f3,2c340c9b732abbc88a53ef0f8f63588f03393cde,0743bcf223022664a3885058c909814fe8669ce4
generated-figures,Llama_att_results/true_compliant_pred1/heatmap_seq0_layer6_head18.png,60604,e4b844cf2865ff0f659bfc34c011256d8ef02406ee0e95d0758a83d08c95f67f,1243d74493d770bd64a941fd80c3e46cc6e93d34,0743bcf223022664a3885058c909814fe8669ce4
generated-figures,Llama_att_results/true_compliant_pred1/heatmap_seq0_layer7_head25.png,64323,ea04ca76981e1a7d33e665d9f94df7c5d21704272e6818d7d771ee44549d263a,dd84748b0ccfefdf59a902e1d4e0e45b20fca3de,0743bcf223022664a3885058c909814fe8669ce4
generated-figures,Llama_att_results/true_compliant_pred1/heatmap_seq0_layer8_head6.png,61525,56cd1590b081d2a6efc27ee3f37a2e3951eda9582571d224331eda2e6ac4d2ab,9f7ef11d59a906f988e6dafd85efdd1576bcc63f,0743bcf223022664a3885058c909814fe8669ce4
generated-figures,Llama_att_results/true_compliant_pred1/heatmap_seq0_layer9_head22.png,65448,a2e0146de11dcd57ea80d1eb9f660097c8afc50e22d119b6f40465ddc5f665f2,e7860007cc3380e56c652364627f434bab5216f0,0743bcf223022664a3885058c909814fe8669ce4
generated-figures,Llama_att_results/true_compliant_pred1/heatmap_seq1_layer10_head9.png,64424,83f3b1fa4690924fa50fbc1cd98524b92e5a1743aa05fd9c83bfb782e99a324f,2108e759b0414244b7ea178505bd50dcc26d5023,0743bcf223022664a3885058c909814fe8669ce4
generated-figures,Llama_att_results/true_compliant_pred1/heatmap_seq1_layer11_head22.png,60719,055ced9515ce1052f7b0157c917b14e30ffaba95a3bf826fa47a9a634c7b5c30,13b9db0834196b3fa29f4a0d53d49eb5bee0edea,0743bcf223022664a3885058c909814fe8669ce4
generated-figures,Llama_att_results/true_compliant_pred1/heatmap_seq1_layer12_head5.png,63326,e86eb1a1af9bbee7aacaf4f3a245b7ce3a1a08e71ad6d08b0942b5be3df68fa6,9bfaeb7311d87000517ad8d12b7f4589bce2755d,0743bcf223022664a3885058c909814fe8669ce4
generated-figures,Llama_att_results/true_compliant_pred1/heatmap_seq1_layer13_head12.png,61383,08ace4832a31a63f3435979235087ca7b81f512cb217ac1cd5696ad2f98dc6cc,457ce8e514311baddac51e4b397e6b024687b6d5,0743bcf223022664a3885058c909814fe8669ce4
generated-figures,Llama_att_results/true_compliant_pred1/heatmap_seq1_layer14_head24.png,61132,59e8c2c50ed2ae95f2ee815c82fb7bbf88691a9275b465bef2437c74eefc8773,12fd3ae23dd733c3c68b0901d7d5cba41f66ed70,0743bcf223022664a3885058c909814fe8669ce4
generated-figures,Llama_att_results/true_compliant_pred1/heatmap_seq1_layer15_head19.png,61936,e2bba7ff03bb0c76f2a46a0827a6f0a96dc2f69c256888cf65ba6761c3d68b7f,954a7ededae180bbdaa7c8c8d1982addd7cd02fc,0743bcf223022664a3885058c909814fe8669ce4
generated-figures,Llama_att_results/true_compliant_pred1/heatmap_seq1_layer16_head29.png,66007,7e084bc42514edbb249f8acd41daecba620231a884230017fb7893cdc1c46bbc,6fd46017edf4cd8e43fd3b616bf4e4bc8d4140e6,0743bcf223022664a3885058c909814fe8669ce4
generated-figures,Llama_att_results/true_compliant_pred1/heatmap_seq1_layer1_head22.png,61217,7edf5258e706eeccc3cebb198d368403c755180e0706498a52eda9686c252ac4,3de3af7c8b0ff3d768d04aba83c48512e826133f,0743bcf223022664a3885058c909814fe8669ce4
generated-figures,Llama_att_results/true_compliant_pred1/heatmap_seq1_layer2_head29.png,66104,65c48e4957e8e9ec0b6de871fb3ea54a6d0f750a528d1781117de5afb4b3173c,8fcd84427fc5dbcd528bac9ee4b25d9a07f30a08,0743bcf223022664a3885058c909814fe8669ce4
generated-figures,Llama_att_results/true_compliant_pred1/heatmap_seq1_layer3_head20.png,61097,314bfa27781d3d3d396150346cf9d0cb557acc995cf3c7e17e4848ccd6c9e905,75d630ab4ed3ce2923501f2ee164c68afa5ee82e,0743bcf223022664a3885058c909814fe8669ce4
generated-figures,Llama_att_results/true_compliant_pred1/heatmap_seq1_layer4_head13.png,59064,472d1d144a2a846f62fbdce30344464c34a98a42354999349c9f93d21b3774e1,38eff220c2224fe9069b04b443197a618ce77a90,0743bcf223022664a3885058c909814fe8669ce4
generated-figures,Llama_att_results/true_compliant_pred1/heatmap_seq1_layer5_head24.png,66284,f7dc999f24d13377cd07f457ade942c466a8f8ed50ac89bb72f61e841ed3a32c,636f05a681a5da5acfffaeca60fd115d4a21ef03,0743bcf223022664a3885058c909814fe8669ce4
generated-figures,Llama_att_results/true_compliant_pred1/heatmap_seq1_layer6_head18.png,62511,5a6ef96e6a0f3c4d71847e20e37ef97f160488e17e589e4771ae4ed6c466009a,f3dc00555b9b74fd5282168e9a65e68627b58ca0,0743bcf223022664a3885058c909814fe8669ce4
generated-figures,Llama_att_results/true_compliant_pred1/heatmap_seq1_layer7_head20.png,61351,5ef309716a9c8b030a36a48c183c1e71bd5018652aaa33e136d17f46b7038502,739d407536c1acce851f9179c0767bae2198de25,0743bcf223022664a3885058c909814fe8669ce4
generated-figures,Llama_att_results/true_compliant_pred1/heatmap_seq1_layer8_head3.png,63820,3674cde693b8c593a666beed7bbe7658cb708c6f0ddbedcc3434b307b5a21160,451500c0059b39a519d9fe7d801cf0f1344f44f4,0743bcf223022664a3885058c909814fe8669ce4
generated-figures,Llama_att_results/true_compliant_pred1/heatmap_seq1_layer9_head30.png,62723,50010e47720c5f457198fb8519e5d27a0ec2dbedeac4bc1bd26723c04890e5d8,6f91966894fcc7017cb3703888da071abe6322a1,0743bcf223022664a3885058c909814fe8669ce4
generated-figures,Llama_att_results/true_compliant_pred1/heatmap_seq2_layer10_head14.png,61304,19537e62da61a858cde8c94955ac9d77aa539e93231f95a9e8d10eb480165395,f6be54c6afef7e2a1a9bc51aeae592c0271ace1a,0743bcf223022664a3885058c909814fe8669ce4
generated-figures,Llama_att_results/true_compliant_pred1/heatmap_seq2_layer11_head25.png,63486,be2ff471d14c5959db2a96dbd0fe7bf3a91c349fe428b34b3d070b0ec97064cc,81607fc8e90e61b1f06c2f8163b713901a7f017c,0743bcf223022664a3885058c909814fe8669ce4
generated-figures,Llama_att_results/true_compliant_pred1/heatmap_seq2_layer12_head5.png,69802,ec5f01dbb1f080f08bd4eb0504b42070dfa2b236aa14bab985ed756daa70478e,10860a0dd55cd78886dcc92cbc68dc0138e2629f,0743bcf223022664a3885058c909814fe8669ce4
generated-figures,Llama_att_results/true_compliant_pred1/heatmap_seq2_layer13_head8.png,67724,0716909c92f40d4ba919119d262f2fb4f9123bf00754328b3d4677ee0e5e238b,315a1fd0b1ca8e25944bb1752ed30f8e9514ed53,0743bcf223022664a3885058c909814fe8669ce4
generated-figures,Llama_att_results/true_compliant_pred1/heatmap_seq2_layer14_head12.png,61909,dd4d598a26577ec2c24a5dbb7755e44b86c3165d487c97fcf440d18e85c9502e,a11b40d6fbf3365125ba18daabbc9200a74d41c3,0743bcf223022664a3885058c909814fe8669ce4
generated-figures,Llama_att_results/true_compliant_pred1/heatmap_seq2_layer15_head19.png,61395,d336c8ea3e52b6db4d78e7a404aed4d14ac1c26d0631c25eb8581e39d0f07779,51be01c47c836ac1ce5c749449338d55b47ef946,0743bcf223022664a3885058c909814fe8669ce4
generated-figures,Llama_att_results/true_compliant_pred1/heatmap_seq2_layer16_head25.png,64343,40bdaf9e9c9739173680b8cc035482d368dc86ac3a3c940760aed3d22cbf0554,ed3051d466e86e37e00eb93317e0f339cc42be70,0743bcf223022664a3885058c909814fe8669ce4
generated-figures,Llama_att_results/true_compliant_pred1/heatmap_seq2_layer1_head22.png,64015,522a1f890140569ea37e2c9899f8e1c6c5705f0b685af0b275d6dfdebbae6c61,742bb129897fd0fca26a407c1716eff71acedc00,0743bcf223022664a3885058c909814fe8669ce4
generated-figures,Llama_att_results/true_compliant_pred1/heatmap_seq2_layer2_head29.png,68340,be85b0b57968e5f56c5655d69ebc583f24d368f04afc46a9dced55fd1505ad55,ba0d7fd4545332e35429da85ee61b223c95b5914,0743bcf223022664a3885058c909814fe8669ce4
generated-figures,Llama_att_results/true_compliant_pred1/heatmap_seq2_layer3_head16.png,61826,b285d6c8a95f9f83051a3ee0478b543adac2716afa8e571c5141a4e410416d42,1902e07dd9c5342ffb85a291afd4ab5108bcb8d0,0743bcf223022664a3885058c909814fe8669ce4
generated-figures,Llama_att_results/true_compliant_pred1/heatmap_seq2_layer4_head28.png,63048,c790d24432e57e36c4bb2e2ce2e59c2ff84be5f143c5fd29a6c040c1a02dd92f,b0ec0ee12ae16af526d51a9ea32fc3dc95456784,0743bcf223022664a3885058c909814fe8669ce4
generated-figures,Llama_att_results/true_compliant_pred1/heatmap_seq2_layer5_head30.png,61822,6e501c10d02696ea50d111b726f211dd31bbbfec4a9632e18ca27b5b9fc7e376,a6d48fb173130a4af045886948fd562d18b43f18,0743bcf223022664a3885058c909814fe8669ce4
generated-figures,Llama_att_results/true_compliant_pred1/heatmap_seq2_layer6_head18.png,66118,600501dbe9c9e211a8b6379f7989bda186f602e6f578f821d74ab774b8b4502b,afdbf8061be764afbe86ad92a715b1b1c68ec109,0743bcf223022664a3885058c909814fe8669ce4
generated-figures,Llama_att_results/true_compliant_pred1/heatmap_seq2_layer7_head20.png,64377,a3518e16b271186df4a3dee22610da549e6506383497d90ca9e31c4accc8c59d,80ea90d0d7ea1e44cf378b3ac9cfabef01b2c943,0743bcf223022664a3885058c909814fe8669ce4
generated-figures,Llama_att_results/true_compliant_pred1/heatmap_seq2_layer8_head24.png,60310,8abbcb7b7f050512cf8bdeff576552d5ab918b600ac2c27a5dc9428b8cba1c57,27b8c6d1c103f3ee6afaf61acb368ab3fa918875,0743bcf223022664a3885058c909814fe8669ce4
generated-figures,Llama_att_results/true_compliant_pred1/heatmap_seq2_layer9_head13.png,63803,953e5efa688a464519ff0ddc26e3f5a8df9acff24cb86253c7b295c6d60a80d4,0102b7dbd051b2cd0cf1900ca71d5acfe0e7d4ab,0743bcf223022664a3885058c909814fe8669ce4
generated-figures,Llama_att_results/true_compliant_pred1/heatmap_seq3_layer10_head3.png,60313,6aaa9924290eed2e0845d1f802b332b2b4d923fd50ad671651bca796a354661e,6b2dde87b0789ee637195774d25fe7a851b4c1ad,0743bcf223022664a3885058c909814fe8669ce4
generated-figures,Llama_att_results/true_compliant_pred1/heatmap_seq3_layer11_head14.png,61938,13331045d628856a6d62542544b302e6e309d6588fcacebb9681b424bc847dae,00a96c5c604b8a60c4d25f93b58828895ab79ef5,0743bcf223022664a3885058c909814fe8669ce4
generated-figures,Llama_att_results/true_compliant_pred1/heatmap_seq3_layer12_head10.png,62879,24dd7fa0c3cf1cb66df62d7f3614f97b19851c9f7134b773b1ca067e285f98a8,e7bbfc776a403623d41f6a1ecaad2cad219d1789,0743bcf223022664a3885058c909814fe8669ce4
generated-figures,Llama_att_results/true_compliant_pred1/heatmap_seq3_layer13_head1.png,66607,0b40815c437b88c0cdbaf4d94b1f0a2fb994941e858dd3d518138ceb1f013c55,cefeb46f5208320653d5e8d506fd1a783e675475,0743bcf223022664a3885058c909814fe8669ce4
generated-figures,Llama_att_results/true_compliant_pred1/heatmap_seq3_layer14_head12.png,63347,f5c3cbd5f36fcfc4404e766c971be9ffde9ad6eb8f4d9d881bcaf01742252809,54c30bdc58e89febf8d1cddebf84aa95dfab5a9d,0743bcf223022664a3885058c909814fe8669ce4
generated-figures,Llama_att_results/true_compliant_pred1/heatmap_seq3_layer15_head28.png,65565,6141207f73f04409d4ff948db1d4cce22d96cef22d0117742ec0980624fcdecc,568b39357cd9dba2e01a6ea126452f5d0f552542,0743bcf223022664a3885058c909814fe8669ce4
generated-figures,Llama_att_results/true_compliant_pred1/heatmap_seq3_layer16_head25.png,65105,ec42506e028a50f437f20bf57d876d8c22e188f3868d4260b2e6aded602b89eb,6366316699eb4e35ea619660e7bdadf1d07c5f2e,0743bcf223022664a3885058c909814fe8669ce4
generated-figures,Llama_att_results/true_compliant_pred1/heatmap_seq3_layer1_head24.png,60443,36e74d3baa5cd34ff6159364e74ce43cb5f36051ced6c48f912f92e727ff729c,431e658e3f2460274d2059684829b52a4263d679,0743bcf223022664a3885058c909814fe8669ce4
generated-figures,Llama_att_results/true_compliant_pred1/heatmap_seq3_layer2_head13.png,66224,776ae2f4f5f46c96a05c023ab9761fcb0ee10e76b3e0d9ed6dfaec6a287a5498,4e60fa2eb051dabe03c553a487fd304138e60893,0743bcf223022664a3885058c909814fe8669ce4
generated-figures,Llama_att_results/true_compliant_pred1/heatmap_seq3_layer3_head16.png,69475,d42e15fd56c0f3457e3aebb29b3ba4386183a418fcaed4d937e48065fac86567,f65dcc3b820f1cbcce5563266f24a4d522e3e2ce,0743bcf223022664a3885058c909814fe8669ce4
generated-figures,Llama_att_results/true_compliant_pred1/heatmap_seq3_layer4_head23.png,67485,191f2e9f121f784a2883449947ca937bf69c0fa7b1c0274467ca3ab110a862ee,d4c6e5730dd50fe7ef082982628857c3dfbb2271,0743bcf223022664a3885058c909814fe8669ce4
generated-figures,Llama_att_results/true_compliant_pred1/heatmap_seq3_layer5_head30.png,62059,3c1e47b8c4ecd8833d2d2cc12603385105beec992ef2eb1fa66d464d64fe6aab,64d2c983db89f44eddd66f72ed5a57b473374690,0743bcf223022664a3885058c909814fe8669ce4
generated-figures,Llama_att_results/true_compliant_pred1/heatmap_seq3_layer6_head19.png,68870,7cc16c221081eee00a169ab84655a116c708cf25834fa77eda4a3f40e2adc149,f8219c32190e4c24d7ae52c8ab82312b2e7c4eb8,0743bcf223022664a3885058c909814fe8669ce4
generated-figures,Llama_att_results/true_compliant_pred1/heatmap_seq3_layer7_head20.png,65318,edffd9a6eee96b3bf62c5e77988300ef414c004f78e1ccea8131f04e8b1c23e8,6896ae7c67acb8d648808cf79ca2dbd6422711ac,0743bcf223022664a3885058c909814fe8669ce4
generated-figures,Llama_att_results/true_compliant_pred1/heatmap_seq3_layer8_head24.png,63302,6357708a1e8ef42512111dacac6bf7fbc46d6ceccd8a74e18d75006050127e9e,aba65120ea37c5ad81a84b137107a4e03c8ee014,0743bcf223022664a3885058c909814fe8669ce4
generated-figures,Llama_att_results/true_compliant_pred1/heatmap_seq3_layer9_head26.png,66560,0ce363088753b00e653e554efa04b64d983967d3f7df03eb6a14fb23f85e9116,64ca477c74fad6d20768160d8cfda8bf043de8a6,0743bcf223022664a3885058c909814fe8669ce4
generated-figures,Llama_att_results/true_compliant_pred1/heatmap_seq4_layer10_head9.png,65958,7c632c21cec4e08b6fbe1fe55fc970100b7e0e7e3dd651e1199ec8bb96fbedf5,6b650ff04d6b7e9b33e65c986397db122cbe38d5,0743bcf223022664a3885058c909814fe8669ce4
generated-figures,Llama_att_results/true_compliant_pred1/heatmap_seq4_layer11_head22.png,57888,21d62b195bf7ada3dee8b05aa20497f45d16e6fa6de17494e2bc65d9302a29e8,d90a2fea541a1195b2811629cf3546b4c305a784,0743bcf223022664a3885058c909814fe8669ce4
generated-figures,Llama_att_results/true_compliant_pred1/heatmap_seq4_layer12_head24.png,63973,0b2cf260888f0ec2c4b3fd9de476be1902c1b2f56430f5f121d5f25ea918867d,741a13e5dca0aa4e0c89ce0e329c5c7431d65adf,0743bcf223022664a3885058c909814fe8669ce4
generated-figures,Llama_att_results/true_compliant_pred1/heatmap_seq4_layer13_head31.png,65017,e1f5fa42593e3e910c670e88976341ce2b74128f64d286c774338ebafeaa2f47,60cb5032544554be6d4ec9cf2ee86d1eacf56dd7,0743bcf223022664a3885058c909814fe8669ce4
generated-figures,Llama_att_results/true_compliant_pred1/heatmap_seq4_layer14_head21.png,61270,7c7e516dd044eec38bdde98f027f8a83d943a5b9ebb57abde0fbd74444a4ac39,5b02151d4f9761e0944cf22f9f1489662caf85dd,0743bcf223022664a3885058c909814fe8669ce4
generated-figures,Llama_att_results/true_compliant_pred1/heatmap_seq4_layer15_head17.png,59034,793f1d0b40409c56ed2b6011a3d321c2b76e2737dffb8f11eb9e6940e7a69e6a,270475197c2a849a7f7512d8d15aac14a1db0fea,0743bcf223022664a3885058c909814fe8669ce4
generated-figures,Llama_att_results/true_compliant_pred1/heatmap_seq4_layer16_head25.png,58259,642e82fdc38299ffe0b19124908163cf91271564107e027fdfa2791ac731d88f,b77dc378ab7e07269a2bb156c5b7820a6826e669,0743bcf223022664a3885058c909814fe8669ce4
generated-figures,Llama_att_results/true_compliant_pred1/heatmap_seq4_layer1_head22.png,61099,a51e3753bfc3d1b7cd08487c9dd11aa80ce0ca08d311633d398009b54b6672b6,e2fbe86afe1a7e8cbb0f3f0b6600ed0132958982,0743bcf223022664a3885058c909814fe8669ce4
generated-figures,Llama_att_results/true_compliant_pred1/heatmap_seq4_layer3_head14.png,63786,4abd6f9533689cff11b05e52912dea7609f745483837d8d63211d77db0ad0b15,3b440be1d1e3883d60682bb202204315ba452058,0743bcf223022664a3885058c909814fe8669ce4
generated-figures,Llama_att_results/true_compliant_pred1/heatmap_seq4_layer4_head14.png,63263,80d776f4e11c51d585e3d42c7be5abb2dc2fd66658fbe241ed2b4d42eed5b549,b4dae52c404bbf4b3c499c44acaa1df35ea06518,0743bcf223022664a3885058c909814fe8669ce4
generated-figures,Llama_att_results/true_compliant_pred1/heatmap_seq4_layer5_head24.png,61004,cb2cdf0c0b7f434745b77932bb06874c3c4b5cf80ed2b8ac0e2eea388aa4ca33,b6006fb66c58900bfe31c45c929d95d6b2612037,0743bcf223022664a3885058c909814fe8669ce4
generated-figures,Llama_att_results/true_compliant_pred1/heatmap_seq4_layer6_head5.png,64565,652865305f282888d0ee251f5024ea7d52620eb1342b28a8e816a229a950bc7d,3232979f82e6e09e32b2115890fc5e8f4c810351,0743bcf223022664a3885058c909814fe8669ce4
generated-figures,Llama_att_results/true_compliant_pred1/heatmap_seq4_layer7_head32.png,67076,7164dd4f9b88b5cd54cae0e0db38d904933e36f0f86afbfa603c97274dd99dfc,b823be1541ddc533ba39968ab71deed9f31022dd,0743bcf223022664a3885058c909814fe8669ce4
generated-figures,Llama_att_results/true_compliant_pred1/heatmap_seq4_layer8_head24.png,64094,9ea6b376b31a0b2fa5c77e3e65cc10f843fc37589b876e1d60649319c7fdec01,6948fdeced6a904fd3ab0d21895a8687107f9fe4,0743bcf223022664a3885058c909814fe8669ce4
generated-figures,Llama_att_results/true_compliant_pred1/heatmap_seq4_layer9_head30.png,61434,a02ac23aaa34c0b774da9823173ba9905fd86b2c22777188d81f5bfd7ecadcea,537154cd410fcbb75357a3a4d9a04b071ac0afd8,0743bcf223022664a3885058c909814fe8669ce4
synthetic-data,data/simulation/oc_completion/X_test_ocdet.csv,2000010,5b7c30aa314142f2d19f6131336224ab0c0a0eecd139d5afedd094ccb510c603,51b6d7cc50af008f26f0507c779d28dfef46fb65,0743bcf223022664a3885058c909814fe8669ce4
synthetic-data,data/simulation/oc_completion/X_test_ocnoisy.csv,2000010,5b7c30aa314142f2d19f6131336224ab0c0a0eecd139d5afedd094ccb510c603,51b6d7cc50af008f26f0507c779d28dfef46fb65,0743bcf223022664a3885058c909814fe8669ce4
synthetic-data,data/simulation/oc_completion/X_train_ocdet.csv,16000010,331c531cd37071539696b8f74b730f2d96a0e78dc1ac15328224ecacf2b72e40,c1a435500f683f7aede7db3c25fec17689e05110,0743bcf223022664a3885058c909814fe8669ce4
synthetic-data,data/simulation/oc_completion/X_train_ocnoisy.csv,16000010,331c531cd37071539696b8f74b730f2d96a0e78dc1ac15328224ecacf2b72e40,c1a435500f683f7aede7db3c25fec17689e05110,0743bcf223022664a3885058c909814fe8669ce4
synthetic-data,data/simulation/oc_completion/X_val_ocdet.csv,2000010,1b4f19b0c4b4ea372457f01ac3a32e826fc5b2ae4106193ccd423eb24843b89a,1f927eb275990f422caf591d9c0fd3264e568ba1,0743bcf223022664a3885058c909814fe8669ce4
synthetic-data,data/simulation/oc_completion/X_val_ocnoisy.csv,2000010,1b4f19b0c4b4ea372457f01ac3a32e826fc5b2ae4106193ccd423eb24843b89a,1f927eb275990f422caf591d9c0fd3264e568ba1,0743bcf223022664a3885058c909814fe8669ce4
synthetic-data,data/simulation/oc_completion/pairs/pairs_one_hole_clean_test.csv,1420127,95bdceb173cb0b41b2f9ee4035478367fdd266a32b6db90ba8d31883f979bce3,88c3f6ff053b3cc66d8de49bbcfb506693475326,0743bcf223022664a3885058c909814fe8669ce4
synthetic-data,data/simulation/oc_completion/pairs/pairs_one_hole_clean_val.csv,282127,b6278d25ede9ac835d08f807b7ab00a848f06b24380d07508d90ee448f481b63,9badea9fa126844f881c4a3ad71b5cb8858894d5,0743bcf223022664a3885058c909814fe8669ce4
synthetic-data,data/simulation/oc_completion/pairs/pairs_one_hole_heldout_test.csv,1487912,6d463858a36a1bddd2a2bcb69910179bc46a569007bb31e8a1f05c485169ce8b,7710afc8cc4a52d2ec087e09c4fdadb96ce32957,0743bcf223022664a3885058c909814fe8669ce4
synthetic-data,data/simulation/oc_completion/pairs/pairs_one_hole_heldout_val.csv,295676,eee4734df2e0d513ee1774a435b8cc43a25b27a67c3c276229595911ff70faad,74382182b9b3479eeb7d316d899f17a47447fb60,0743bcf223022664a3885058c909814fe8669ce4
synthetic-data,data/simulation/oc_completion/pairs/pairs_two_hole_clean_test.csv,1410127,9e8fe6ba085f581305f7e9dc445761b8fd5a2159eff36a19b0b5d4cd5d0af2b7,3a2f7b527ddf099db81a737cf3d0c15cd315d91a,0743bcf223022664a3885058c909814fe8669ce4
synthetic-data,data/simulation/oc_completion/pairs/pairs_two_hole_clean_val.csv,280127,ba9f0bc2f473c2e5459e4b9187802f4249cd8d674057c98ec006ce5aaadd4f8b,3c4d685d1725faad6ec3c6d64ba68b3b74a13bfd,0743bcf223022664a3885058c909814fe8669ce4
synthetic-data,data/simulation/oc_completion/pairs/pairs_two_hole_heldout_test.csv,1477957,68ffdc73c7b9c79004bd8179c5581c77df0a611a72b262b4eddd9de1e50433ad,d8202d0732680bb7593af0a4e33b95033f5e83a6,0743bcf223022664a3885058c909814fe8669ce4
synthetic-data,data/simulation/oc_completion/pairs/pairs_two_hole_heldout_val.csv,293708,423bf22913351803750005157d09d3743190d77bc3e9420fff6f35ec533c2d0c,6a72207c22a68cbe376ab5836b786fb13f4d7e63,0743bcf223022664a3885058c909814fe8669ce4
synthetic-data,data/simulation/oc_completion/y_test_ocdet.csv,200015,93225134beeb93805bf27bfbe95fdabe541bec7bc88468b31621572f99c686f2,50b23e6b0fbf576366fbbc1a06a4a0aa90a3a214,0743bcf223022664a3885058c909814fe8669ce4
synthetic-data,data/simulation/oc_completion/y_test_ocnoisy.csv,200015,e1bc274d46db9810b5a34b000f1247b099b02c38f7050a6a745f300f5ddff961,2a393a1f17fe7f9d73acf2ea3bb34e5310cd0913,0743bcf223022664a3885058c909814fe8669ce4
synthetic-data,data/simulation/oc_completion/y_train_ocdet.csv,1600015,7b032215ba040c6ca2c3f3de054125ac460273532dd4144f0bcae6950dd14784,2d876d5a3cdd8fa659c1092bb870fd9c7865453d,0743bcf223022664a3885058c909814fe8669ce4
synthetic-data,data/simulation/oc_completion/y_train_ocnoisy.csv,1600015,f8462d4c74c9379e371248d47bab9e96760ff46e361c306a0b9925910cef59ef,331f1f5b3d4d082a40d0a22d344a8e81a3e788ba,0743bcf223022664a3885058c909814fe8669ce4
synthetic-data,data/simulation/oc_completion/y_val_ocdet.csv,200015,8d5811bdacef898d27e33fd9584843c57d4826efe9a1be95d6bbb3b7a0fec920,b45cdbbb7fbd17cd18fb09d8374d119f0235d6e5,0743bcf223022664a3885058c909814fe8669ce4
synthetic-data,data/simulation/oc_completion/y_val_ocnoisy.csv,200015,9e28672defff00a688a7ab151aa4e328996a1a02efff3ef7e48c4891d0d7a64e,0f929726df2315f8a2f00e551309bb7704a6db8b,0743bcf223022664a3885058c909814fe8669ce4
synthetic-data,data/simulation/tested/X_test_6.csv,2000010,443ded519caf5a820c32379b88663e21a57d11c71978b1d7f75b7de85edab693,ca730fb1f418b5e440592cc8a538c55d4bd811f9,0743bcf223022664a3885058c909814fe8669ce4
synthetic-data,data/simulation/tested/X_test_9.csv,2000010,15372f0bcefda3b4cf002c6660ed6cf30734f5284fbcc6ee3769648b60a1a06a,0164f2bd9f4c10405a7b02b4402d75631edc691a,0743bcf223022664a3885058c909814fe8669ce4
synthetic-data,data/simulation/tested/X_test_alph.csv,1600010,40f5b055a9f6a87c81141ad849d0c7fdcba18298d569060237ff963ace6bbb83,6cf64ff7388874ca6373b00a8a8ced7e1fdd6e91,0743bcf223022664a3885058c909814fe8669ce4
synthetic-data,data/simulation/tested/X_test_big.csv,3000010,8b0c78934de52a331028cb2c8f1bc0e9954277bca6d5e41dcb18e1e4b49d04ff,e956c42ab051f7c90cdaef31bb4fd035bd8a0e9c,0743bcf223022664a3885058c909814fe8669ce4
synthetic-data,data/simulation/tested/X_test_test_just_pair.csv,4000010,945093723ba4269cc95a144eeb37d8fa2e071f9d50c7126e25baf880cfb21af2,36a1ca6cf5acc223e4bc6eb8febcf06d4ebaf3e4,0743bcf223022664a3885058c909814fe8669ce4
synthetic-data,data/simulation/tested/X_train_6.csv,16000010,c24ecd75c00d5a81ed2c307221f32c35214b6fc1d5e5ba90ff81ab2460b71dee,f315627c5419a7b729d5853b010adfc233bd77ab,0743bcf223022664a3885058c909814fe8669ce4
synthetic-data,data/simulation/tested/X_train_9.csv,16000010,1c37c4c2a515c1eb11688763acdc8bbfa1925c9a90933bbedc3e6e2f447d3dde,bc490dc4711881fc09be268492ed3b1df4368532,0743bcf223022664a3885058c909814fe8669ce4
synthetic-data,data/simulation/tested/X_train_alph.csv,12800010,7f0f66fe4454c37fa98de2cc3c3ae4ee4cc302be3af345262a6a76c4e442cc07,132c6871501a60a02fb9d2af432d848aecb9c75a,0743bcf223022664a3885058c909814fe8669ce4
synthetic-data,data/simulation/tested/X_train_big.csv,24000010,1d4884ad3242230cae0cd88f68aeb4a05df42514d073a134af79f0393fae7cd8,d7536c0053ca368a5532f8c13acfa6e1e8f050f6,0743bcf223022664a3885058c909814fe8669ce4
synthetic-data,data/simulation/tested/X_train_test_just_pair.csv,32000010,52c85d41e5a74134bae7b440ce8239ebbd81aba79de476e047de98c1bb2a536c,eb6f45dc85dff8b7d95a5732261a505cf01126fc,0743bcf223022664a3885058c909814fe8669ce4
synthetic-data,data/simulation/tested/X_val_6.csv,2000010,95d60cc65fa51bcea79d8a0d0e5ed68013344e9033a73f0d05e3f1630ac5e32f,fa43c9db706e7845263a29c8e097b92979d6f466,0743bcf223022664a3885058c909814fe8669ce4
synthetic-data,data/simulation/tested/X_val_9.csv,2000010,7cbb29821b31c225196f6f9934dac0cbf2a14bd5f9aeae01a8a8423656279adb,ee826933508612d618b731f9a892a15c92bcad73,0743bcf223022664a3885058c909814fe8669ce4
synthetic-data,data/simulation/tested/X_val_alph.csv,1600010,5ad8de178c8f88064c49f92b28ed206ba6ecb3e9852c42259a7c1be15efa00f0,ac27ddb8cd5d9ec093ea41fd7acd679f91a24172,0743bcf223022664a3885058c909814fe8669ce4
synthetic-data,data/simulation/tested/X_val_big.csv,3000010,66c4d4119524d4591f992ba7fe0d210c457f3203baa3f86040afc89d9acf426f,f58c41ef13bd0471c48660ae254501cd11886008,0743bcf223022664a3885058c909814fe8669ce4
synthetic-data,data/simulation/tested/X_val_test_just_pair.csv,4000010,9d85ae0da2e436da2e014fc04d909e3f2cda7479e4a0e5263110a8e4c8fa3e84,605fbdd0c6d971be0854b1d4749e4a983b4b47dd,0743bcf223022664a3885058c909814fe8669ce4
synthetic-data,data/simulation/tested/y_test_6.csv,200008,03d3f2131691b7b0c70c58d06f6cefd403e890560c24b19de2f118c5e097a210,e9e210a7cd68328fd6868c1c86a9e6babd8c6bd1,0743bcf223022664a3885058c909814fe8669ce4
synthetic-data,data/simulation/tested/y_test_9.csv,100008,b1016a5f2e872ac4fd0d5f361cae10138dcc1055fdd37af6a8f167e98dbc6ac4,26fc565aaffb0c7a9281d3905229b7124a24a4c9,0743bcf223022664a3885058c909814fe8669ce4
synthetic-data,data/simulation/tested/y_test_alph.csv,80008,1a501fb06e2f531a114d46d8c56860a8ccc9cd64e5ebac5be65a23ba4b502c72,36a185ed7f0564778c4caeb5364125fda7d5b11e,0743bcf223022664a3885058c909814fe8669ce4
synthetic-data,data/simulation/tested/y_test_big.csv,40008,ddc3186211291707a29954611a99b7d93df956791f14cbf8f95f25b0eb6f945a,3cb9f618f24daacecd87312ea3cf6446dd311dc9,0743bcf223022664a3885058c909814fe8669ce4
synthetic-data,data/simulation/tested/y_test_test_just_pair.csv,200008,f12275cfde6bf0791ae5d877281126ae47ce2ae0d6ca440a6a19e746ccac7afc,2065f41f8ea4410e1b609d2392bc8480db7d6d8e,0743bcf223022664a3885058c909814fe8669ce4
synthetic-data,data/simulation/tested/y_train_6.csv,1600008,22efb769cd8824b28b90ed049dd29fbe03841e76f1cb4c9cd4c35ceef09761d2,cbf8c7fd6274739efe441ab9f54de82ae335c4ec,0743bcf223022664a3885058c909814fe8669ce4
synthetic-data,data/simulation/tested/y_train_9.csv,800008,7c4ae358456ba15b1f89e4b26ab6ae416643c9b82fd2797b735690c015f1fe7c,81473dce532227283e9f2c42011fb5febbe208a4,0743bcf223022664a3885058c909814fe8669ce4
synthetic-data,data/simulation/tested/y_train_alph.csv,640008,04dacf0bc0a9345092af41205f695489d9e1460c7ef72a389d521813f7b04c1e,1a99260d02993720b1e962823e29b89cba0979fe,0743bcf223022664a3885058c909814fe8669ce4
synthetic-data,data/simulation/tested/y_train_big.csv,320008,2e3ccb7def249f69c287bb47274f42013a6b0bedf6a5641dd4494f3b53018f69,c853a02175013154f033b278f7f00aa7ab7bfcd4,0743bcf223022664a3885058c909814fe8669ce4
synthetic-data,data/simulation/tested/y_train_test_just_pair.csv,1600008,96f07a67c6bc145fd8c102bcdbdad41c6e0fc2e5d20d625c756ab0c233773de1,ad5711ee183ae7af571f0b526507f462c9ea6448,0743bcf223022664a3885058c909814fe8669ce4
synthetic-data,data/simulation/tested/y_val_6.csv,200008,aab918b732caf29330dcc4c07df480342843c7ddfa0be3b993eded909b8a1f32,cf72aaf3c1a734e6643fedd34cc67bbc19e5c0e0,0743bcf223022664a3885058c909814fe8669ce4
synthetic-data,data/simulation/tested/y_val_9.csv,100008,c55eac206f41ac162784a2bae412044062830c2d787e3f5727d67351939381a1,45ef76bd75587c71d6cb47c55e1503cbc1a4cc9e,0743bcf223022664a3885058c909814fe8669ce4
synthetic-data,data/simulation/tested/y_val_alph.csv,80008,f451ad3d7ca6ba98bf929894a3dc184f1118456a5091bc555bc004cc9940828a,053c83b0812ba8cf123454e7a17b270f1a8a0209,0743bcf223022664a3885058c909814fe8669ce4
synthetic-data,data/simulation/tested/y_val_big.csv,40008,53f673f66f44d8781954f94eb722f3c1eefa5b67c8bec2f4c82ecd9992292433,8dc432b3f73f7f27bc2d7fa86a542f21ea5e96f0,0743bcf223022664a3885058c909814fe8669ce4
synthetic-data,data/simulation/tested/y_val_test_just_pair.csv,200008,1c27006049006b8f31fcb858af0e78c260ec4e940dba6ca8502bfdfd69229b23,4ca964a87d6cafb2fdae7f062c29fec243a13312,0743bcf223022664a3885058c909814fe8669ce4
generated-figures,ngrams_diff_tricky_random.png,113940,1b1d453c6b3413a9ecc2ee3d627d9a5b9953958c9fe343aef60b87666cea7771,101ffed7deac36cacfb249d96bc03307d05450a9,0743bcf223022664a3885058c909814fe8669ce4
compiled-paper,paper/NLDL/main.pdf,655056,dc922fc996f1ebaef2d81c78b9861cd7e56613e2741a518522ffb914bfbad18d,f874aac267e60bc0a1a08dd826b73f72b5f21da2,0743bcf223022664a3885058c909814fe8669ce4
compiled-paper,paper/NeurIPS.pdf,5133368,12bb8d8403379e25f5d3a57d727c40f1ea1881b7b6180b1308450c68190b7454,a5d08c72f31af1cd5b7ba7d902e2b26d6de59925,0743bcf223022664a3885058c909814fe8669ce4
generated-figures,parity_ngrams_diff.png,132804,15ba5723fd8441259ef669ac80596dd340f8920f8a75f598cdcf1a7f37600548,b53f7710a856d23a4d6aa5f87db7b1197519ecfa,0743bcf223022664a3885058c909814fe8669ce4
generated-figures,tricky_deterministic_ngrams_diff.png,129828,cef2e5263cc38bd90160d8c2f08a4604b82f6a0f3bdca138d487813b50fe7483,c7cc57e1105217e59de7abcc35931480640d073d,0743bcf223022664a3885058c909814fe8669ce4
generated-figures,tricky_random_ngrams_diff.png,130260,0c7c43c3b532d0dca2cd6757411babb1e31b00d272940c4bb4ff611b12061e37,68cd2cb3c7c15496c8ca97a33e40709ac63ce718,0743bcf223022664a3885058c909814fe8669ce4
generated-figures,data/simulation/holes/cumulative_auc.png,175101,9028413d97b4f7f9ade599f8ba8c91c367f6e1c57e5c34827673fe7bab354d25,6dda804f2f2d96a0b2fad479c982feb47e6c0da2,0743bcf223022664a3885058c909814fe8669ce4
generated-figures,data/simulation/holes/latex_tables.tex,3186,5b872ea2a310d17b96aa8fbc3345fc39057cbfc0a2ae056c50b68f804b950d46,6d374e8ed74d20c8e021cad762d1680974342c16,0743bcf223022664a3885058c909814fe8669ce4
generated-figures,data/simulation/holes/ngram_comparison.png,121526,65fff136034ba7319daed7057bfc908926b7fb974e434a52111c1980a9bb3b1c,4745d53108030e32a40b5bf939c6c3e2d0ef01d6,0743bcf223022664a3885058c909814fe8669ce4
generated-figures,data/simulation/holes/ngram_vignette.png,369086,410712b369d079f7edf3661db68d6bbf6e395aa5ad6f4f612eef2444bb8d401c,602227343da437fad3679937caa1da1d4cd233fc,0743bcf223022664a3885058c909814fe8669ce4
generated-figures,data/simulation/holes/position_auc.png,86247,dafccd330c5f9fdf0568a5cc2da9c49e3cc2ea2c63cb89c958add4f74cecfe79,c2c2ef3fb1c97e59f9703cd7e6a2b7d7711c8ed7,0743bcf223022664a3885058c909814fe8669ce4
