timestamp,model,training_mode,task,seed,train_rows,epochs_done,best_epoch,val_f1,val_auc,val_loss,test_auc_obs,test_auc_latent,test_f1,test_precision,test_recall,threshold,n_params,recipe,wallclock_s,checkpoint,smoke,host
2026-08-26T15:05:29,LSTM,scratch,ocdet,9550,2000,6,6,0.558491,0.778812,0.530566,0.800445,0.800445,0.514925,0.575,0.466216,argmax,216130,"LSTM {'vocab_size': 26, 'embedding_dim': 32, 'hidden_dim': 128, 'num_layers': 2, 'num_classes': 2, 'dropout': 0.2} lr=0.002 Adam bs=64 patience=5 early=val_f1 [paper NLDL tab:dl_optimal (code OPTIMAL_CONFIGS differs: emb64/drop0.5/lr5e-4 - recorded deviation)]",3.0,/root/LLMSeq/checkpoints/oc_completion/oc_deterministic/lstm/seed_9550_smoke,True,plain-work-runs-fin-03
2026-08-26T15:07:51,count26,baseline,ocdet,9550,2000,1,1,,,,0.756334,0.756334,,,,n/a,26,logreg on count26 (phase2 settings),0.0,/root/LLMSeq/checkpoints/oc_completion/oc_deterministic/baselines/count26_smoke.joblib,True,plain-work-runs-fin-03
2026-08-26T15:07:51,lag_pair,baseline,ocdet,9550,2000,1,1,,,,0.984471,0.984471,,,,n/a,676,logreg on lag_pair (phase2 settings),0.0,/root/LLMSeq/checkpoints/oc_completion/oc_deterministic/baselines/lag_pair_smoke.joblib,True,plain-work-runs-fin-03
2026-08-26T15:07:51,all_offset_pair,baseline,ocdet,9550,2000,1,1,,,,0.849086,0.849086,,,,n/a,12844,logreg on all_offset_pair (phase2 settings),0.4,/root/LLMSeq/checkpoints/oc_completion/oc_deterministic/baselines/all_offset_pair_smoke.joblib,True,plain-work-runs-fin-03
2026-08-26T15:08:01,all_offset_pair_xgb,baseline,ocdet,9550,2000,1,1,,,,0.978415,0.978415,,,,n/a,0,xgb on all_offset_pair_xgb (phase2 settings),9.4,/root/LLMSeq/checkpoints/oc_completion/oc_deterministic/baselines/all_offset_pair_xgb_smoke.joblib,True,plain-work-runs-fin-03
2026-08-26T15:08:01,pos_lag_pair,baseline,ocdet,9550,2000,1,1,,,,0.725622,0.725622,,,,n/a,8788,logreg on pos_lag_pair (phase2 settings),0.0,/root/LLMSeq/checkpoints/oc_completion/oc_deterministic/baselines/pos_lag_pair_smoke.joblib,True,plain-work-runs-fin-03
2026-08-26T15:08:01,lag_trigram,baseline,ocdet,9550,2000,1,1,,,,0.6634,0.6634,,,,n/a,17576,logreg on lag_trigram (phase2 settings),0.1,/root/LLMSeq/checkpoints/oc_completion/oc_deterministic/baselines/lag_trigram_smoke.joblib,True,plain-work-runs-fin-03
2026-08-26T15:08:01,lag_trigram_key,baseline,ocdet,9550,2000,1,1,,,,0.500643,0.500643,,,,n/a,216,logreg on lag_trigram_key (phase2 settings),0.0,/root/LLMSeq/checkpoints/oc_completion/oc_deterministic/baselines/lag_trigram_key_smoke.joblib,True,plain-work-runs-fin-03
2026-08-26T15:08:01,kgram1,baseline,ocdet,9550,2000,1,1,,,,0.763014,0.763014,,,,n/a,26,contiguous 1-gram probability averaging (signal_decomposition.kgram_baseline),0.0,/root/LLMSeq/checkpoints/oc_completion/oc_deterministic/baselines/kgram1_smoke.joblib,True,plain-work-runs-fin-03
2026-08-26T15:08:01,kgram2,baseline,ocdet,9550,2000,1,1,,,,0.73689,0.73689,,,,n/a,676,contiguous 2-gram probability averaging (signal_decomposition.kgram_baseline),0.0,/root/LLMSeq/checkpoints/oc_completion/oc_deterministic/baselines/kgram2_smoke.joblib,True,plain-work-runs-fin-03
2026-08-26T15:08:01,kgram3,baseline,ocdet,9550,2000,1,1,,,,0.566512,0.566512,,,,n/a,15311,contiguous 3-gram probability averaging (signal_decomposition.kgram_baseline),0.0,/root/LLMSeq/checkpoints/oc_completion/oc_deterministic/baselines/kgram3_smoke.joblib,True,plain-work-runs-fin-03
2026-08-26T15:11:59,count26,baseline,ocdet,9550,400000,1,1,,,,0.750822,0.750822,,,,n/a,26,logreg on count26 (phase2 settings),3.5,/root/LLMSeq/checkpoints/oc_completion/oc_deterministic/baselines/count26.joblib,False,plain-work-runs-fin-03
2026-08-26T15:11:59,count26,baseline,ocnoisy,9550,400000,1,1,,,,0.58854,0.751328,,,,n/a,26,logreg on count26 (phase2 settings),3.7,/root/LLMSeq/checkpoints/oc_completion/oc_noisy/baselines/count26.joblib,False,plain-work-runs-fin-03
2026-08-26T15:12:05,lag_pair,baseline,ocnoisy,9550,400000,1,1,,,,0.667258,0.994944,,,,n/a,676,logreg on lag_pair (phase2 settings),6.4,/root/LLMSeq/checkpoints/oc_completion/oc_noisy/baselines/lag_pair.joblib,False,plain-work-runs-fin-03
2026-08-26T15:12:06,lag_pair,baseline,ocdet,9550,400000,1,1,,,,0.996573,0.996573,,,,n/a,676,logreg on lag_pair (phase2 settings),7.1,/root/LLMSeq/checkpoints/oc_completion/oc_deterministic/baselines/lag_pair.joblib,False,plain-work-runs-fin-03
2026-08-26T15:13:17,all_offset_pair,baseline,ocnoisy,9550,400000,1,1,,,,0.661774,0.977524,,,,n/a,12844,logreg on all_offset_pair (phase2 settings),71.7,/root/LLMSeq/checkpoints/oc_completion/oc_noisy/baselines/all_offset_pair.joblib,False,plain-work-runs-fin-03
2026-08-26T15:13:18,all_offset_pair,baseline,ocdet,9550,400000,1,1,,,,0.998522,0.998522,,,,n/a,12844,logreg on all_offset_pair (phase2 settings),72.0,/root/LLMSeq/checkpoints/oc_completion/oc_deterministic/baselines/all_offset_pair.joblib,False,plain-work-runs-fin-03
2026-08-26T15:15:19,all_offset_pair_xgb,baseline,ocdet,9550,400000,1,1,,,,0.999882,0.999882,,,,n/a,0,xgb on all_offset_pair_xgb (phase2 settings),121.2,/root/LLMSeq/checkpoints/oc_completion/oc_deterministic/baselines/all_offset_pair_xgb.joblib,False,plain-work-runs-fin-03
2026-08-26T15:15:19,all_offset_pair_xgb,baseline,ocnoisy,9550,400000,1,1,,,,0.668537,0.998788,,,,n/a,0,xgb on all_offset_pair_xgb (phase2 settings),122.6,/root/LLMSeq/checkpoints/oc_completion/oc_noisy/baselines/all_offset_pair_xgb.joblib,False,plain-work-runs-fin-03
2026-08-26T15:15:25,pos_lag_pair,baseline,ocdet,9550,400000,1,1,,,,0.99721,0.99721,,,,n/a,8788,logreg on pos_lag_pair (phase2 settings),5.7,/root/LLMSeq/checkpoints/oc_completion/oc_deterministic/baselines/pos_lag_pair.joblib,False,plain-work-runs-fin-03
2026-08-26T15:15:25,pos_lag_pair,baseline,ocnoisy,9550,400000,1,1,,,,0.663039,0.982893,,,,n/a,8788,logreg on pos_lag_pair (phase2 settings),5.7,/root/LLMSeq/checkpoints/oc_completion/oc_noisy/baselines/pos_lag_pair.joblib,False,plain-work-runs-fin-03
2026-08-26T15:15:30,lag_trigram,baseline,ocdet,9550,400000,1,1,,,,0.961369,0.961369,,,,n/a,17576,logreg on lag_trigram (phase2 settings),5.5,/root/LLMSeq/checkpoints/oc_completion/oc_deterministic/baselines/lag_trigram.joblib,False,plain-work-runs-fin-03
2026-08-26T15:15:31,lag_trigram,baseline,ocnoisy,9550,400000,1,1,,,,0.650087,0.942877,,,,n/a,17576,logreg on lag_trigram (phase2 settings),5.4,/root/LLMSeq/checkpoints/oc_completion/oc_noisy/baselines/lag_trigram.joblib,False,plain-work-runs-fin-03
2026-08-26T15:15:34,lag_trigram_key,baseline,ocdet,9550,400000,1,1,,,,0.535954,0.535954,,,,n/a,216,logreg on lag_trigram_key (phase2 settings),4.0,/root/LLMSeq/checkpoints/oc_completion/oc_deterministic/baselines/lag_trigram_key.joblib,False,plain-work-runs-fin-03
2026-08-26T15:15:35,lag_trigram_key,baseline,ocnoisy,9550,400000,1,1,,,,0.511942,0.535,,,,n/a,216,logreg on lag_trigram_key (phase2 settings),4.0,/root/LLMSeq/checkpoints/oc_completion/oc_noisy/baselines/lag_trigram_key.joblib,False,plain-work-runs-fin-03
2026-08-26T15:15:37,kgram1,baseline,ocdet,9550,400000,1,1,,,,0.750913,0.750913,,,,n/a,26,contiguous 1-gram probability averaging (signal_decomposition.kgram_baseline),3.2,/root/LLMSeq/checkpoints/oc_completion/oc_deterministic/baselines/kgram1.joblib,False,plain-work-runs-fin-03
2026-08-26T15:15:38,kgram1,baseline,ocnoisy,9550,400000,1,1,,,,0.58858,0.751249,,,,n/a,26,contiguous 1-gram probability averaging (signal_decomposition.kgram_baseline),3.1,/root/LLMSeq/checkpoints/oc_completion/oc_noisy/baselines/kgram1.joblib,False,plain-work-runs-fin-03
2026-08-26T15:15:41,kgram2,baseline,ocdet,9550,400000,1,1,,,,0.755767,0.755767,,,,n/a,676,contiguous 2-gram probability averaging (signal_decomposition.kgram_baseline),3.7,/root/LLMSeq/checkpoints/oc_completion/oc_deterministic/baselines/kgram2.joblib,False,plain-work-runs-fin-03
2026-08-26T15:15:41,kgram2,baseline,ocnoisy,9550,400000,1,1,,,,0.589184,0.753955,,,,n/a,676,contiguous 2-gram probability averaging (signal_decomposition.kgram_baseline),3.7,/root/LLMSeq/checkpoints/oc_completion/oc_noisy/baselines/kgram2.joblib,False,plain-work-runs-fin-03
2026-08-26T15:15:45,kgram3,baseline,ocdet,9550,400000,1,1,,,,0.754279,0.754279,,,,n/a,17576,contiguous 3-gram probability averaging (signal_decomposition.kgram_baseline),4.0,/root/LLMSeq/checkpoints/oc_completion/oc_deterministic/baselines/kgram3.joblib,False,plain-work-runs-fin-03
2026-08-26T15:15:45,kgram3,baseline,ocnoisy,9550,400000,1,1,,,,0.580432,0.729612,,,,n/a,17576,contiguous 3-gram probability averaging (signal_decomposition.kgram_baseline),4.0,/root/LLMSeq/checkpoints/oc_completion/oc_noisy/baselines/kgram3.joblib,False,plain-work-runs-fin-03
2026-08-26T15:29:52,bert_lora,lora,ocdet,9550,256,1,1,0.459627,0.502073,0.654472,0.513341,0.513341,0.457496,0.296593,1.0,0.42,109927684,"bert_lora bert-base-uncased LoRA(r=8,a=16,drop=.1) AdamW lr=2e-05 eff_bs=16 warmup=6% linear epochs<=1 patience=3 early=val_loss max_len=64 dtype=torch.float32",81.9,/root/LLMSeq/checkpoints/oc_completion/oc_deterministic/bert_lora/seed_9550_smoke,True,plain-work-runs-fin-03
2026-08-26T16:26:05,llama_lora,lora,ocdet,9550,128,1,1,0.45679,0.494049,6.429503,0.504501,0.504501,0.45679,0.296,1.0,0.1,1239620610,"llama_lora meta-llama/Llama-3.2-1B LoRA(r=8,a=16,drop=.1) AdamW lr=2e-05 eff_bs=16 warmup=6% linear epochs<=1 patience=3 early=val_loss max_len=64 dtype=torch.bfloat16",24.8,/root/LLMSeq/checkpoints/oc_completion/oc_deterministic/llama_lora/seed_9550_smoke,True,wise-tree-thinks-fin-01
2026-08-26T16:27:04,llama_full,full_ft,ocdet,9550,128,1,1,0.464744,0.527027,4.082773,0.553094,0.553094,0.456964,0.297352,0.986486,0.27,1237916674,llama_full meta-llama/Llama-3.2-1B FULL-FT AdamW lr=2e-05 eff_bs=16 warmup=6% linear epochs<=1 patience=3 early=val_loss max_len=64 dtype=torch.bfloat16,32.3,/root/LLMSeq/checkpoints/oc_completion/oc_deterministic/llama_full/seed_9550_smoke,True,wise-tree-thinks-fin-01
2026-08-26T16:35:04,LSTM,scratch,ocnoisy,9550,400000,11,6,0.538622,0.660069,0.63192,0.661345,0.972219,0.540915,0.648819,0.463783,argmax,216130,"LSTM {'vocab_size': 26, 'embedding_dim': 32, 'hidden_dim': 128, 'num_layers': 2, 'num_classes': 2, 'dropout': 0.2} lr=0.002 Adam bs=64 patience=5 early=val_f1 [paper NLDL tab:dl_optimal (code OPTIMAL_CONFIGS differs: emb64/drop0.5/lr5e-4 - recorded deviation)]",554.6,/root/LLMSeq/checkpoints/oc_completion/oc_noisy/lstm/seed_9550,False,wise-tree-thinks-fin-01
2026-08-26T16:37:50,llama_lora,lora,ocdet,9550,128,2,2,0.45679,0.492427,6.411095,0.504962,0.504962,0.45679,0.296,1.0,0.1,1239620610,"llama_lora meta-llama/Llama-3.2-1B LoRA(r=8,a=16,drop=.1) AdamW lr=2e-05 eff_bs=16 warmup=6% linear epochs<=2 patience=3 early=val_loss max_len=64 dtype=torch.bfloat16",41.8,/root/LLMSeq/checkpoints/oc_completion/oc_deterministic/llama_lora/seed_9550_smoke,True,wise-tree-thinks-fin-01
2026-08-26T16:47:40,LSTM,scratch,ocnoisy,9551,400000,15,10,0.550425,0.656926,0.632459,0.659109,0.971558,0.553822,0.636839,0.489953,argmax,216130,"LSTM {'vocab_size': 26, 'embedding_dim': 32, 'hidden_dim': 128, 'num_layers': 2, 'num_classes': 2, 'dropout': 0.2} lr=0.002 Adam bs=64 patience=5 early=val_f1 [paper NLDL tab:dl_optimal (code OPTIMAL_CONFIGS differs: emb64/drop0.5/lr5e-4 - recorded deviation)]",732.0,/root/LLMSeq/checkpoints/oc_completion/oc_noisy/lstm/seed_9551,False,wise-tree-thinks-fin-01
2026-08-26T16:48:12,RNNTransformer,scratch,ocdet,9551,400000,22,17,0.99928,0.999997,0.001446,0.999996,0.999996,0.999314,0.99952,0.999109,argmax,82434,"RNNTransformer {'vocab_size': 26, 'embedding_dim': 64, 'rnn_hidden_dim': 32, 'num_heads': 2, 'num_transformer_layers': 1, 'dim_feedforward': 256, 'num_classes': 2, 'dropout': 0.1, 'max_seq_length': 20} lr=0.001 Adam bs=64 patience=5 early=val_f1 [repo OPTIMAL_CONFIGS (paper appendix differs: emb128/1+3layers/drop0.3/lr1e-4 - recorded deviation)]",1362.7,/root/LLMSeq/checkpoints/oc_completion/oc_deterministic/rnntransformer/seed_9551,False,wise-tree-thinks-fin-01
2026-08-26T16:48:57,RNNTransformer,scratch,ocdet,9550,400000,23,18,0.996739,0.999981,0.00518,0.999948,0.999948,0.99667,0.998075,0.995269,argmax,82434,"RNNTransformer {'vocab_size': 26, 'embedding_dim': 64, 'rnn_hidden_dim': 32, 'num_heads': 2, 'num_transformer_layers': 1, 'dim_feedforward': 256, 'num_classes': 2, 'dropout': 0.1, 'max_seq_length': 20} lr=0.001 Adam bs=64 patience=5 early=val_f1 [repo OPTIMAL_CONFIGS (paper appendix differs: emb128/1+3layers/drop0.3/lr1e-4 - recorded deviation)]",1409.6,/root/LLMSeq/checkpoints/oc_completion/oc_deterministic/rnntransformer/seed_9550,False,wise-tree-thinks-fin-01
2026-08-26T16:57:03,RNNTransformer,scratch,ocdet,9552,400000,30,26,0.999041,0.999997,0.001715,0.999995,0.999995,0.999075,0.998767,0.999383,argmax,82434,"RNNTransformer {'vocab_size': 26, 'embedding_dim': 64, 'rnn_hidden_dim': 32, 'num_heads': 2, 'num_transformer_layers': 1, 'dim_feedforward': 256, 'num_classes': 2, 'dropout': 0.1, 'max_seq_length': 20} lr=0.001 Adam bs=64 patience=5 early=val_f1 [repo OPTIMAL_CONFIGS (paper appendix differs: emb128/1+3layers/drop0.3/lr1e-4 - recorded deviation)]",1874.2,/root/LLMSeq/checkpoints/oc_completion/oc_deterministic/rnntransformer/seed_9552,False,wise-tree-thinks-fin-01
2026-08-26T16:57:57,LSTM,scratch,ocnoisy,9552,400000,11,6,0.549807,0.657907,0.630847,0.664336,0.973399,0.555881,0.650896,0.485073,argmax,216130,"LSTM {'vocab_size': 26, 'embedding_dim': 32, 'hidden_dim': 128, 'num_layers': 2, 'num_classes': 2, 'dropout': 0.2} lr=0.002 Adam bs=64 patience=5 early=val_f1 [paper NLDL tab:dl_optimal (code OPTIMAL_CONFIGS differs: emb64/drop0.5/lr5e-4 - recorded deviation)]",597.2,/root/LLMSeq/checkpoints/oc_completion/oc_noisy/lstm/seed_9552,False,wise-tree-thinks-fin-01
