code_chapter,category_code,category_desc
Operations on the nervous system,1,Incision and excision of CNS
Operations on the endocrine system,10,"Thyroidectomy, partial or complete"
Operations on the urinary system,100,Endoscopy and endoscopic biopsy of the urinary tract
Operations on the urinary system,101,"Transurethral excision, drainage, or removal urinary obstruction"
Operations on the urinary system,102,Ureteral catheterization
Operations on the urinary system,103,Nephrotomy and nephrostomy
Operations on the urinary system,104,"Nephrectomy, partial or complete"
Operations on the urinary system,105,Kidney transplant
Operations on the urinary system,106,Genitourinary incontinence procedures
Operations on the urinary system,107,"Extracorporeal lithotripsy, urinary"
Operations on the urinary system,108,Indwelling catheter
Operations on the urinary system,109,Procedures on the urethra
Operations on the endocrine system,11,Diagnostic endocrine procedures
Operations on the urinary system,110,Other diagnostic procedures of urinary tract
Operations on the urinary system,111,Other non-OR therapeutic procedures of urinary tract
Operations on the urinary system,112,Other OR therapeutic procedures of urinary tract
Operations on the male genital organs,113,Transurethral resection of prostate (TURP)
Operations on the male genital organs,114,Open prostatectomy
Operations on the male genital organs,115,Circumcision
Operations on the male genital organs,116,"Diagnostic procedures, male genital"
Operations on the male genital organs,117,"Other non-OR therapeutic procedures, male genital"
Operations on the male genital organs,118,"Other OR therapeutic procedures, male genital"
Operations on the female genital organs,119,"Oophorectomy, unilateral and bilateral"
Operations on the endocrine system,12,Other therapeutic endocrine procedures
Operations on the female genital organs,120,Other operations on ovary
Operations on the female genital organs,121,Ligation of fallopian tubes
Obstetrical procedures,122,Removal of ectopic pregnancy
Operations on the female genital organs,123,Other operations on fallopian tubes
Operations on the female genital organs,124,"Hysterectomy, abdominal and vaginal"
Operations on the female genital organs,125,Other excision of cervix and uterus
Operations on the female genital organs,126,Abortion (termination of pregnancy)
Operations on the female genital organs,127,"Dilatation and curettage (D&C), aspiration after delivery or abortion"
Operations on the female genital organs,128,Diagnostic dilatation and curettage (D&C)
Operations on the female genital organs,129,"Repair of cystocele and rectocele, obliteration of vaginal vault"
Operations on the eye,13,Corneal transplant
Operations on the female genital organs,130,"Other diagnostic procedures, female organs"
Operations on the female genital organs,131,"Other non-OR therapeutic procedures, female organs"
Operations on the female genital organs,132,"Other OR therapeutic procedures, female organs"
Obstetrical procedures,133,NA
Obstetrical procedures,134,Cesarean section
Obstetrical procedures,135,"Forceps, vacuum, and breech delivery"
Obstetrical procedures,136,NA
Obstetrical procedures,137,Other procedures to assist delivery
Obstetrical procedures,138,Diagnostic amniocentesis
Obstetrical procedures,139,Fetal monitoring
Operations on the eye,14,Glaucoma procedures
Obstetrical procedures,141,Other therapeutic obstetrical procedures including antepartum and postpartum care
Operations on the musculoskeletal system,142,Partial excision bone
Operations on the musculoskeletal system,144,"Treatment, facial fracture or dislocation"
Operations on the musculoskeletal system,145,"Treatment, fracture or dislocation of radius and ulna"
Operations on the musculoskeletal system,146,"Treatment, fracture or dislocation of hip and femur"
Operations on the musculoskeletal system,147,"Treatment, fracture or dislocation of lower extremity (other than hip or femur)"
Operations on the musculoskeletal system,148,Other fracture and dislocation procedure
Operations on the musculoskeletal system,149,Arthroscopy
Operations on the eye,15,Lens and cataract procedures
Operations on the musculoskeletal system,150,"Division of joint capsule, ligament or cartilage"
Operations on the musculoskeletal system,152,Arthroplasty knee
Operations on the musculoskeletal system,153,"Hip replacement, total and partial"
Operations on the musculoskeletal system,154,Arthroplasty other than hip or knee
Operations on the musculoskeletal system,155,Arthrocentesis
Operations on the musculoskeletal system,156,"Injections and aspirations of muscles, tendons, bursa, joints and soft tissue"
Operations on the musculoskeletal system,157,Amputation of lower extremity
Operations on the musculoskeletal system,158,Spinal fusion
Operations on the musculoskeletal system,159,Other diagnostic procedures on musculoskeletal system
Operations on the eye,16,"Repair of retinal tear, detachment"
Operations on the musculoskeletal system,160,Other therapeutic procedures on muscles and tendons
Operations on the musculoskeletal system,161,Other OR therapeutic procedures on bone
Operations on the musculoskeletal system,162,Other OR therapeutic procedures on joints
Operations on the musculoskeletal system,163,Other non-OR therapeutic procedures on musculoskeletal system
Operations on the musculoskeletal system,164,Other OR therapeutic procedures on musculoskeletal system
Operations on the integumentary system,165,Breast biopsy and other diagnostic procedures on breast
Operations on the integumentary system,166,"Lumpectomy, quadrantectomy of breast"
Operations on the integumentary system,167,Mastectomy
Operations on the integumentary system,168,"Incision and drainage, skin and subcutaneous tissue"
Operations on the eye,17,Destruction of lesion of retina and choroid
Operations on the integumentary system,170,Excision of skin lesion
Operations on the integumentary system,171,Suture of skin and subcutaneous tissue
Operations on the integumentary system,172,Skin graft
Operations on the integumentary system,173,Other diagnostic procedures on skin and subcutaneous tissue
Operations on the integumentary system,174,Other non-OR therapeutic procedures on skin and breast
Operations on the integumentary system,175,Other OR therapeutic procedures on skin and breast
Miscellaneous diagnostic and therapeutic procedures,176,Other organ transplantation
Miscellaneous diagnostic and therapeutic procedures,177,Computerized axial tomography (CT) scan head
Miscellaneous diagnostic and therapeutic procedures,178,CT scan chest
Miscellaneous diagnostic and therapeutic procedures,179,CT scan abdomen
Operations on the eye,18,Diagnostic procedures on eye
Miscellaneous diagnostic and therapeutic procedures,180,Other CT scan
Miscellaneous diagnostic and therapeutic procedures,181,Myelogram
Miscellaneous diagnostic and therapeutic procedures,182,Mammography
Miscellaneous diagnostic and therapeutic procedures,183,Routine chest X-ray
Miscellaneous diagnostic and therapeutic procedures,184,Intraoperative cholangiogram
Miscellaneous diagnostic and therapeutic procedures,185,Upper gastrointestinal X-ray
Miscellaneous diagnostic and therapeutic procedures,186,Lower gastrointestinal X-ray
Miscellaneous diagnostic and therapeutic procedures,187,Intravenous pyelogram
Miscellaneous diagnostic and therapeutic procedures,188,NA
Miscellaneous diagnostic and therapeutic procedures,189,Contrast aortogram
Operations on the eye,19,"Other therapeutic procedures on eyelids, conjunctiva, cornea"
Miscellaneous diagnostic and therapeutic procedures,190,Contrast arteriogram of femoral and lower extremity arteries
Miscellaneous diagnostic and therapeutic procedures,191,Arterio- or venogram (not heart and head)
Miscellaneous diagnostic and therapeutic procedures,192,Diagnostic ultrasound of head and neck
Miscellaneous diagnostic and therapeutic procedures,193,Diagnostic ultrasound of heart (echocardiogram)
Miscellaneous diagnostic and therapeutic procedures,194,Diagnostic ultrasound of gastrointestinal tract
Miscellaneous diagnostic and therapeutic procedures,195,Diagnostic ultrasound of urinary tract
Miscellaneous diagnostic and therapeutic procedures,196,Diagnostic ultrasound of abdomen or retroperitoneum
Miscellaneous diagnostic and therapeutic procedures,197,Other diagnostic ultrasound
Miscellaneous diagnostic and therapeutic procedures,198,Magnetic resonance imaging
Miscellaneous diagnostic and therapeutic procedures,199,Electroencephalogram (EEG)
Operations on the nervous system,2,"Insertion, replacement, or removal of extracranial ventricular shunt"
Operations on the eye,20,Other intraocular therapeutic procedures
Miscellaneous diagnostic and therapeutic procedures,200,Nonoperative urinary system measurements
Miscellaneous diagnostic and therapeutic procedures,201,Cardiac stress tests
Miscellaneous diagnostic and therapeutic procedures,202,Electrocardiogram
Miscellaneous diagnostic and therapeutic procedures,203,Electrographic cardiac monitoring
Miscellaneous diagnostic and therapeutic procedures,204,Swan-Ganz catheterization for monitoring
Miscellaneous diagnostic and therapeutic procedures,205,Arterial blood gases
Miscellaneous diagnostic and therapeutic procedures,207,Radioisotope bone scan
Miscellaneous diagnostic and therapeutic procedures,208,Radioisotope pulmonary scan
Miscellaneous diagnostic and therapeutic procedures,209,Radioisotope scan and function studies
Operations on the eye,21,Other extraocular muscle and orbit therapeutic procedures
Miscellaneous diagnostic and therapeutic procedures,210,Other radioisotope scan
Miscellaneous diagnostic and therapeutic procedures,211,Therapeutic radiology
Miscellaneous diagnostic and therapeutic procedures,212,"Diagnostic physical, occupational, and speech therapy"
Miscellaneous diagnostic and therapeutic procedures,213,"Physical, occupational, and speech therapy exercises; manipulation; and other procedures"
Miscellaneous diagnostic and therapeutic procedures,214,"Traction, splints, and other wound care"
Miscellaneous diagnostic and therapeutic procedures,215,"Other physical, occupational, and speech therapy and rehabilitation"
Miscellaneous diagnostic and therapeutic procedures,216,Respiratory intubation and mechanical ventilation
Miscellaneous diagnostic and therapeutic procedures,217,Other respiratory therapy
Miscellaneous diagnostic and therapeutic procedures,218,Psychological and psychiatric evaluation and therapy
Miscellaneous diagnostic and therapeutic procedures,219,"Alcohol and drug management, treatment, and rehabilitation"
Operations on the ear,22,Tympanoplasty
Miscellaneous diagnostic and therapeutic procedures,220,Ophthalmologic and otologic diagnosis and treatment
Miscellaneous diagnostic and therapeutic procedures,221,Nasogastric tube
Miscellaneous diagnostic and therapeutic procedures,222,Blood and blood product transfusion
Miscellaneous diagnostic and therapeutic procedures,223,Enteral and parenteral nutrition
Miscellaneous diagnostic and therapeutic procedures,224,Cancer chemotherapy
Miscellaneous diagnostic and therapeutic procedures,225,Conversion of cardiac rhythm
Miscellaneous diagnostic and therapeutic procedures,226,Other diagnostic radiology and related techniques
Miscellaneous diagnostic and therapeutic procedures,227,"Consultation, evaluation, and preventative care"
Miscellaneous diagnostic and therapeutic procedures,228,Prophylactic vaccinations and inoculations
Miscellaneous diagnostic and therapeutic procedures,229,Nonoperative removal of foreign body
Operations on the ear,23,Myringotomy
Miscellaneous diagnostic and therapeutic procedures,230,"Extracorporeal shock wave, other than urinary"
Miscellaneous diagnostic and therapeutic procedures,231,Other therapeutic procedures
Operations on the ear,24,Mastoidectomy
Operations on the ear,25,Diagnostic procedures on ear
Operations on the ear,26,Other therapeutic ear procedures
Operations on the nose; mouth; and pharynx,27,Control of epistaxis
Operations on the nose; mouth; and pharynx,28,Plastic procedures on nose
Operations on the nose; mouth; and pharynx,29,Oral and Dental Services
Operations on the nervous system,3,"Laminectomy, excision intervertebral disc"
Operations on the nose; mouth; and pharynx,30,Tonsillectomy and/or adenoidectomy
Operations on the nose; mouth; and pharynx,31,"Diagnostic procedures on nose, mouth and pharynx"
Operations on the nose; mouth; and pharynx,32,"Other non-OR therapeutic procedures on nose, mouth and pharynx"
Operations on the nose; mouth; and pharynx,33,"Other OR therapeutic procedures on nose, mouth and pharynx"
Operations on the respiratory system,34,"Tracheostomy, temporary and permanent"
Operations on the respiratory system,35,Tracheoscopy and laryngoscopy with biopsy
Operations on the respiratory system,36,Lobectomy or pneumonectomy
Operations on the respiratory system,37,Diagnostic bronchoscopy and biopsy of bronchus
Operations on the respiratory system,38,Other diagnostic procedures on lung and bronchus
Operations on the respiratory system,39,"Incision of pleura, thoracentesis, chest drainage"
Operations on the nervous system,4,Diagnostic spinal tap
Operations on the respiratory system,40,Other diagnostic procedures of respiratory tract and mediastinum
Operations on the respiratory system,41,Other non-OR therapeutic procedures on respiratory system
Operations on the respiratory system,42,Other OR therapeutic procedures on respiratory system
Operations on the cardiovascular system,43,Heart valve procedures
Operations on the cardiovascular system,44,Coronary artery bypass graft (CABG)
Operations on the cardiovascular system,45,Percutaneous transluminal coronary angioplasty (PTCA)
Operations on the cardiovascular system,46,Coronary thrombolysis
Operations on the cardiovascular system,47,"Diagnostic cardiac catheterization, coronary arteriography"
Operations on the cardiovascular system,48,"Insertion, revision, replacement, removal of cardiac pacemaker or cardioverter/defibrillator"
Operations on the cardiovascular system,49,Other OR heart procedures
Operations on the nervous system,5,Insertion of catheter or spinal stimulator and injection into spinal canal
Operations on the cardiovascular system,50,Extracorporeal circulation auxiliary to open heart procedures
Operations on the cardiovascular system,51,"Endarterectomy, vessel of head and neck"
Operations on the cardiovascular system,52,"Aortic resection, replacement or anastomosis"
Operations on the cardiovascular system,53,"Varicose vein stripping, lower limb"
Operations on the cardiovascular system,54,"Other vascular catheterization, not heart"
Operations on the cardiovascular system,55,Peripheral vascular bypass
Operations on the cardiovascular system,56,"Other vascular bypass and shunt, not heart"
Operations on the cardiovascular system,58,Hemodialysis
Operations on the cardiovascular system,59,Other OR procedures on vessels of head and neck
Operations on the nervous system,6,Decompression peripheral nerve
Operations on the cardiovascular system,60,Embolectomy and endarterectomy of lower limbs
Operations on the cardiovascular system,61,Other OR procedures on vessels other than head and neck
Operations on the cardiovascular system,62,Other diagnostic cardiovascular procedures
Operations on the cardiovascular system,63,Other non-OR therapeutic cardiovascular procedures
Operations on the hemic and lymphatic system,64,Bone marrow transplant
Operations on the hemic and lymphatic system,65,Bone marrow biopsy
Operations on the hemic and lymphatic system,66,Procedures on spleen
Operations on the hemic and lymphatic system,67,"Other therapeutic procedures, hemic and lymphatic system"
Operations on the digestive system,69,Esophageal dilatation
Operations on the nervous system,7,Other diagnostic nervous system procedures
Operations on the digestive system,70,"Upper gastrointestinal endoscopy, biopsy"
Operations on the digestive system,71,"Gastrostomy, temporary and permanent"
Operations on the digestive system,72,"Colostomy, temporary and permanent"
Operations on the digestive system,73,Ileostomy and other enterostomy
Operations on the digestive system,74,"Gastrectomy, partial and total"
Operations on the digestive system,75,Small bowel resection
Operations on the digestive system,76,Colonoscopy and biopsy
Operations on the digestive system,77,Proctoscopy and anorectal biopsy
Operations on the digestive system,78,Colorectal resection
Operations on the digestive system,79,Local excision of large intestine lesion (not endoscopic)
Operations on the nervous system,8,Other non-OR or closed therapeutic nervous system procedures
Operations on the digestive system,80,Appendectomy
Operations on the digestive system,81,Hemorrhoid procedures
Operations on the digestive system,82,Endoscopic retrograde cannulation of pancreas (ERCP)
Operations on the digestive system,83,Biopsy of liver
Operations on the digestive system,84,Cholecystectomy and common duct exploration
Operations on the digestive system,85,Inguinal and femoral hernia repair
Operations on the digestive system,86,Other hernia repair
Operations on the digestive system,87,Laparoscopy
Operations on the digestive system,88,Abdominal paracentesis
Operations on the digestive system,89,Exploratory laparotomy
Operations on the nervous system,9,Other OR therapeutic nervous system procedures
Operations on the digestive system,90,"Excision, lysis peritoneal adhesions"
Operations on the digestive system,91,Peritoneal dialysis
Operations on the digestive system,92,Other bowel diagnostic procedures
Operations on the digestive system,93,Other non-OR upper GI therapeutic procedures
Operations on the digestive system,94,Other OR upper GI therapeutic procedures
Operations on the digestive system,95,Other non-OR lower GI therapeutic procedures
Operations on the digestive system,96,Other OR lower GI therapeutic procedures
Operations on the digestive system,97,Other gastrointestinal diagnostic procedures
Operations on the digestive system,98,Other non-OR gastrointestinal therapeutic procedures
Operations on the digestive system,99,Other OR gastrointestinal therapeutic procedures
Operations on the cardiovascular system,57,"Creation, revision and removal of arteriovenous fistula or vessel-to-vessel cannula for dialysis"
Obstetrical procedures,140,Repair of current obstetric laceration
Operations on the musculoskeletal system,143,Bunionectomy or repair of toe deformities
Operations on the musculoskeletal system,151,Excision of semilunar cartilage of knee
Operations on the integumentary system,169,"Debridement of wound, infection or burn"
Miscellaneous diagnostic and therapeutic procedures,206,"Microscopic examination (bacterial smear, culture, toxicology)"
Operations on the digestive system,68,Injection or ligation of esophageal varices
Miscellaneous diagnostic and therapeutic procedures,232,Anesthesia
Miscellaneous diagnostic and therapeutic procedures,233,Laboratory - Chemistry and Hematology
Miscellaneous diagnostic and therapeutic procedures,234,Pathology
Miscellaneous diagnostic and therapeutic procedures,235,Other Laboratory
Miscellaneous diagnostic and therapeutic procedures,236,"Nonhospital-based care (e.g., home health care, hospice)"
Miscellaneous diagnostic and therapeutic procedures,237,Ancillary Services
Miscellaneous diagnostic and therapeutic procedures,238,Infertility Services
Miscellaneous diagnostic and therapeutic procedures,239,"Transportation - patient, provider, equipment"
Miscellaneous diagnostic and therapeutic procedures,240,"Medications (Injections, infusions and other forms)"
Miscellaneous diagnostic and therapeutic procedures,241,Visual aids and other optical supplies
Miscellaneous diagnostic and therapeutic procedures,242,Hearing devices and audiology supplies
Miscellaneous diagnostic and therapeutic procedures,243,DME and supplies
Operations on the digestive system,244,Gastric bypass and volume reduction
Miscellaneous diagnostic and therapeutic procedures,245,"Telehealth (includes telephone calls, online communication, remote monitoring and surveillance)"
Miscellaneous diagnostic and therapeutic procedures,998,CPT codes not classified (codes ending in F)
Miscellaneous diagnostic and therapeutic procedures,999,HCPCS Level II codes not classified (codes starting with M1; some codes starting with G)
